zip_code,trip_count
94107,106913
94105,61232
94133,46544
94103,38072
94111,33642
94102,30222
94109,19043
95112,15420
94158,13673
94611,13198
94117,12549
94403,10934
94602,10926
94610,10628
94110,10446
94040,10276
94501,10179
94114,9544
94025,9452
94010,9251
94108,9064
95110,8688
94070,8397
94041,7716
94608,7670
94404,7268
94087,7014
95113,6950
94402,6941
94002,6808
94306,6709
94301,6493
94401,6473
94122,6295
94303,6145
94062,5749
94115,5748
94609,5698
94118,5563
94112,5352
94086,5248
94061,5246
94131,5073
94903,5019
94618,4922
95014,4887
94043,4868
94612,4543
94030,4484
94941,4451
95126,4318
94104,4278
94549,3938
95051,3930
94703,3870
94901,3721
94705,3720
94063,3667
94960,3617
94065,3560
94121,3544
94702,3458
94066,3211
94116,3091
94123,2908
94706,2788
94920,2612
95129,2570
94606,2533
94024,2486
94707,2420
94904,2405
94530,2347
94124,2306
94925,2295
94597,2272
94044,2264
94607,2260
94590,2254
94708,2244
94588,2215
94558,2203
94132,2198
94704,2189
94022,2181
94710,2166
94127,2166
94510,2068
94939,2044
95130,2029
95008,2003
95050,1965
94080,1909
94085,1841
95054,1836
94965,1726
95125,1697
94568,1663
94591,1632
94930,1630
94015,1628
95124,1606
94709,1604
95032,1599
94598,1561
95111,1559
95120,1531
94523,1515
95136,1504
94305,1495
94945,1485
94596,1449
94949,1403
94804,1399
95134,1373
95035,1360
95118,1358
94605,1258
94089,1253
94502,1239
94563,1224
1,1210
94582,1196
94587,1151
94534,1095
94947,1092
95148,1086
94601,1086
95122,1060
94539,1053
94577,1050
94556,1038
94518,1024
94551,992
95037,979
94129,974
94521,971
94579,964
94595,960
95030,948
94553,938
95131,936
94566,933
95119,933
94619,912
94014,899
94544,892
94803,879
94550,876
95123,874
94536,871
95020,870
94538,855
94134,837
94952,827
94130,824
95060,821
95128,794
94565,791
95070,782
95377,721
94547,658
94517,573
94503,566
93401,550
94042,541
94541,539
31,537
94309,500
94526,495
94552,476
94119,470
94546,464
94170,463
94028,449
95127,441
95138,430
94973,425
94555,420
95616,417
94005,415
44,409
95109,405
89451,404
9611,400
81,388
94507,381
95401,366
94519,323
94040-1724,320
2139,310
95116,303
97214,293
92064,289
94957,288
90210,284
95620,279
61,268
94560,265
94037,259
10011,253
94806,252
94027,246
92506,245
11201,240
95608,234
94506,226
90291,223
98103,218
10009,216
95121,215
94531,215
95476,213
5112,211
49,211
94931,209
94542,203
60614,202
60622,202
2780,201
94017,197
55,193
52,187
60091,180
94164,179
86,179
94019,179
94583,178
20009,176
94801,176
33,172
94126,172
27330,170
93922,169
84060,167
10003,165
46,161
92084,156
95135,155
90403,155
10014,155
94559,148
0,144
11238,143
20002,142
95348,142
95404,142
96768,140
99403,140
95062,139
94545,138
90027,138
32,138
10001,136
10025,134
94304,133
34,133
94946,132
94592,129
60657,129
90024,128
92882,127
10019,127
94159,126
95018,125
95472,125
11215,124
95132,120
94120,119
10012,117
95746,117
94928,117
10024,116
80302,115
10036,115
60613,113
84106,112
95133,111
91040,111
94146,109
10022,109
353,107
94310,106
98122,105
95618,105
94513,104
90046,104
10023,103
95442,103
95366,101
94954,101
90069,100
90803,97
90066,97
94039,95
98034,95
98121,95
10027,95
20001,92
90025,92
33139,92
92109,91
98119,91
98104,91
19130,90
98033,90
92024,89
886,89
41,89
94720,89
84606,88
91106,88
2143,87
60201,87
10002,87
11211,87
10016,87
93950,87
94805,86
98105,86
11222,86
95219,85
60625,85
90405,85
80203,85
10010,85
84098,84
10014-3875,84
94978,84
85281,83
2138,82
95139,82
2144,82
98115,82
92103,81
80304,81
92101,80
10021,80
90028,80
98117,80
92122,79
10708,79
80220,79
60647,78
80301,78
95106,77
54,76
29103,76
94150,75
97212,75
22201,75
84108,75
94103-2585,74
94018,74
85253,74
14850,73
2118,73
90266,73
60607,72
90049,72
98101,72
98107,71
98027,71
92067,71
95073,71
39,71
10013,70
80205,69
98102,69
94621,69
90026,69
60661,68
45,68
95301,68
94564,67
8540,67
11217,67
93117,66
80129,66
95815,66
10128,66
7302,66
92130,66
94966,66
93940,65
20008,65
90007,65
11231,65
82,65
94026,65
47,65
95066,64
90036,64
95864,64
92612,63
78704,63
33131,63
95448,63
97213,62
30309,62
91354,62
80209,62
11373,62
60601,62
12345,62
91789,61
90404,61
95370,61
20003,60
90292,60
95973,60
94589,60
95003,60
90034,60
91104,60
98109,60
78705,60
92104,60
92660,60
98144,60
2115,59
95033,58
91030,58
7030,58
90802,58
80211,58
60061,58
92037,57
19146,57
80206,57
972,57
60654,57
91214,57
93930,57
95610,56
95762,56
90064,56
94101,56
27,56
15217,55
55408,55
10018,55
60640,54
81657,54
60565,53
2135,53
2127,53
94302,53
19147,53
98052,52
2130,52
11249,52
84020,52
95117,51
84095,51
21401,51
90004,51
80305,51
10017,51
1720,51
95172,50
19103,50
84604,50
94520,50
95818,50
96150,49
80401,49
60618,49
852,49
60611,49
95687,49
95164,48
95076,48
22204,48
98112,48
27606,48
10038,48
60608,48
90272,48
10065,48
11216,48
53703,47
92127,47
84123,47
92646,47
89117,47
95765,47
95816,47
92620,47
95628,46
59715,46
85282,46
95630,46
90017,46
93101,46
90505,46
80526,45
11237,45
20005,45
95814,45
33160,45
91362,45
56,44
80303,44
92107,44
2446,44
8876,44
20016,44
90019,44
90277,44
92648,44
20817,44
90503,44
21409,44
75206,44
19104,43
94578,43
97701,43
20010,43
91302,43
38478,42
93955,42
10028,42
84102,42
27705,42
1778,42
91105,42
75219,42
80210,42
91320,42
90212,42
89450,41
91361,41
96001,41
75204,41
10280,41
30308,41
60605,41
20007,41
94516,40
84105,40
97209,40
92651,40
92663,40
55105,40
11206,40
91405,40
95831,40
60616,39
90068,39
80202,39
96746,39
13502,39
84062,38
92677,38
91801,38
11101,38
6902,38
77005,38
11377,38
96145,37
91103,37
65,37
80020,37
78723,37
48104,37
92705,37
84103,37
90401,37
60610,37
64,37
97008,37
91,37
90045,36
94977,36
92866,36
48103,36
77479,36
95380,36
2116,36
80204,36
55414,36
91387,36
98004,35
92692,35
92562,35
11104,35
96003,35
91750,35
94525,35
1760,35
90015,35
20011,35
94509,35
95403,35
90005,35
77008,35
98005,35
91316,35
92110,35
95355,35
97202,35
95242,35
90254,35
97217,34
96160,34
89509,34
84097,34
77007,34
2111,34
97330,34
2141,34
98199,34
79912,34
91739,34
92653,34
92840,34
95648,34
85251,34
54751,33
21701,33
90032,33
91765,33
97201,33
20815,33
2445,33
92780,33
10026,33
3000,33
21202,33
78703,33
2474,33
10463,33
90035,33
92111,33
75080,33
92117,32
93611,32
37205,32
30189,32
48323,32
2114,32
20036,32
30324,32
11205,32
53711,32
22206,32
85295,32
80126,32
10029,32
10706,32
98116,32
77025,32
47906,32
90041,32
91101,32
2215,32
92014,32
55423,32
84109,32
75019,32
92128,32
91754,32
95819,31
91709,31
20854,31
7,31
78701,31
80228,31
92886,31
92688,31
91331,31
95010,31
98118,31
28262,31
98006,31
30080,31
97219,31
98007,31
83340,31
94100,31
99999,31
75002,31
55401,30
30319,30
97232,30
95747,30
53092,30
94580,30
85016,30
92400,30
93933,30
61801,30
97223,30
63108,30
2906,30
91501,30
60642,30
92627,30
80487,30
68138,30
60626,30
93906,30
92679,30
11226,30
48126,30
97086,30
95023,30
91403,29
91326,29
92129,29
15206,29
46250,29
84093,29
3801,29
97211,29
10538,29
22203,29
53705,29
85284,29
89101,29
94956,29
8872,29
11106,28
11105,28
22314,28
93003,28
98108,28
96002,28
80212,28
37206,28
92618,28
95835,28
85018,28
85226,28
91748,28
92126,28
87123,28
60615,28
75001,28
5401,28
90042,28
2134,28
57,28
10044,28
95521,28
70119,28
30305,28
2142,28
78757,27
92116,27
28203,27
84058,27
92507,27
7306,27
3031,27
1121,27
94533,27
11300,27
94067,27
63146,27
6000,27
90029,27
91006,27
30306,27
20024,27
41017,27
2000,27
95367,27
55124,27
55403,27
95926,27
93405,27
90808,27
7921,26
84043,26
91367,26
358,26
97068,26
8904,26
80111,26
11358,26
92373,26
92804,26
98040,26
46220,26
10032,26
78746,26
53211,26
20814,26
93230,26
90057,26
90048,26
92647,26
48009,26
92626,26
81601,26
85283,26
93612,26
98012,26
46168,26
91761,26
60068,26
93923,25
90275,25
20740,25
33304,25
90,25
97405,25
95691,25
92007,25
v6z2x,25
91402,25
92606,25
47401,25
1010,25
91007,25
11,25
84037,25
91344,25
33140,25
55406,25
92075,25
80123,25
90020,25
11372,25
46142,25
91770,25
92120,25
33133,25
55413,25
75010,25
89074,25
91602,25
93720,25
94585,25
7036,25
91351,25
97035,24
90230,24
92614,24
55410,24
95828,24
55417,24
21901,24
97006,24
48823,24
92106,24
48,24
89123,24
80130,24
33137,24
64113,24
100,24
11385,24
33408,24
20004,24
21231,24
85701,24
95376,24
95724,24
83607,24
2492,24
80026,24
1757,24
2169,24
92629,24
33132,23
95822,23
11102,23
2090,23
7310,23
93109,23
84121,23
14222,23
27514,23
78717,23
90703,23
2113,23
50010,23
55104,23
60202,23
85207,23
68132,23
6840,23
32806,23
83002,23
85044,23
16801,23
53207,23
2478,23
68131,23
85014,23
61820,23
80108,23
11218,23
2148,23
95834,23
90039,23
95928,23
22033,23
93012,23
91206,23
3051,23
598,23
91011,23
98166,23
85306,23
33629,23
95015,23
27617,23
14706,23
31785,23
75024,23
95407,22
89135,22
98037,22
43081,22
75018,22
59718,22
55419,22
2155,22
28020,22
403,22
84010,22
55803,22
53202,22
11209,22
92630,22
33149,22
80424,22
27870,22
91436,22
93306,22
98125,22
91147,22
92058,22
26120,22
91604,22
20850,22
92123,22
95673,22
80521,22
90038,22
91601,22
8002,22
97124,22
77004,22
33130,22
14305,22
61427,22
34747,22
90274,22
2128,22
91360,21
21224,21
96815,21
37203,21
91710,21
9401,21
11050,21
78209,21
22209,21
19102,21
93110,21
80127,21
45209,21
28209,21
6511,21
1742,21
93711,21
21218,21
89523,21
92625,21
33129,21
10567,21
44118,21
11103,21
91411,21
6012,21
91020,21
95356,21
2140,21
92102,21
53715,21
89052,21
81631,21
29708,21
95350,21
84065,21
33050,21
8010,21
90211,21
27516,21
91306,21
21054,21
87122,21
91803,20
59937,20
95065,20
8102,20
77019,20
92021,20
78702,20
77401,20
9410,20
21209,20
21230,20
55108,20
85225,20
16803,20
60645,20
80435,20
11375,20
91423,20
94411,20
80027,20
81301,20
33626,20
83714,20
37405,20
2200,20
11365,20
2458,20
89511,20
48073,20
2481,20
96161,20
98106,20
1056,20
95833,20
81611,20
1023,20
87111,20
95519,20
97206,20
73069,20
7040,19
94561,19
89122,19
78739,19
59601,19
30339,19
93312,19
1638,19
18018,19
98059,19
10583,19
28034,19
15221,19
97070,19
84124,19
2125,19
72460,19
80504,19
6820,19
33136,19
971,19
28277,19
33134,19
30342,19
92069,19
19803,19
10031,19
75070,19
67601,19
6907,19
6878,19
421,19
32708,19
95678,19
91767,19
44120,19
30341,19
30022,19
86001,19
95757,19
49506,19
91107,19
80465,19
11040,19
30068,19
55416,19
92105,19
85203,19
96817,19
10033,19
60062,19
89134,19
506,18
60015,18
33180,18
90077,18
92704,18
28608,18
98422,18
95661,18
93021,18
94603,18
10006,18
11109,18
72701,18
10004,18
20895,18
80113,18
91605,18
57186,18
89012,18
29407,18
43017,18
27701,18
30318,18
7307,18
90013,18
53045,18
83001,18
70118,18
14261,18
33326,18
8000,18
10115,18
32266,18
91711,18
92114,18
110032,18
82110,18
92056,18
44780,18
60660,18
77003,18
92131,18
5511,18
30043,18
20037,18
54601,18
8812,18
85202,18
80218,18
92808,18
21210,18
85013,18
92025,18
92592,18
19123,18
91950,18
30345,18
8544,18
22030,18
24060,18
9501,18
89503,18
92009,18
34997,18
27613,18
95351,18
97229,18
10000,18
89129,18
19083,18
32301,18
81435,18
95817,18
91745,17
92115,17
95336,17
1002,17
60302,17
75011,17
90250,17
98801,17
90402,17
77006,17
92020,17
43026,17
33437,17
19143,17
55113,17
30316,17
1890,17
1060,17
92672,17
30030,17
10007,17
90232,17
98110,17
44115,17
44122,17
7304,17
94142,17
15232,17
29201,17
8050,17
22066,17
98126,17
15238,17
45040,17
94515,17
95105,17
98075,17
55116,17
93905,17
85255,17
83712,17
90620,17
73013,17
91301,17
385,17
8005,17
84117,17
91208,17
89436,17
37212,17
85213,17
68504,17
6877,17
98275,17
95337,17
60067,17
97401,17
37221,17
91780,17
8558,17
90014,17
93103,17
55117,17
95825,17
91406,17
90031,17
90012,17
89108,17
4133,17
2920,17
91202,17
62040,17
53562,17
93546,17
98036,17
27519,17
97239,17
91355,17
95330,17
3006,17
39092,17
60564,16
48067,16
92691,16
29492,16
96067,16
21042,16
85021,16
98074,16
92029,16
15106,16
95391,16
4706,16
19508,16
84720,16
85249,16
93901,16
10530,16
6300,16
60643,16
8854,16
94106,16
4102,16
9170,16
66208,16
95405,16
75023,16
43214,16
75252,16
2038,16
19063,16
91942,16
84003,16
90278,16
21201,16
6851,16
2062,16
48127,16
98042,16
2421,16
98177,16
4683,16
79932,16
6510,16
92118,16
87760,16
84107,16
75000,16
22101,16
32312,16
1135,16
30312,16
60609,16
44500,16
84104,16
55082,16
1581,16
93102,16
179,16
604,16
7470,16
95820,16
78741,16
8527,16
83702,16
92694,16
19002,16
48105,16
33018,16
144,16
90089,16
77010,16
36,16
11590,16
12000,16
91910,16
2108,16
7042,16
28208,16
11700,16
62901,16
84054,16
10110,16
76031,16
93041,16
94348,16
28403,15
90706,15
98023,15
10549,15
85259,15
85201,15
70130,15
92649,15
55016,15
19444,15
37209,15
15215,15
48198,15
19462,15
90240,15
95821,15
94000,15
27103,15
19119,15
92844,15
92833,15
6473,15
85042,15
32801,15
92124,15
97403,15
7078,15
78726,15
95645,15
90043,15
89501,15
92604,15
33141,15
15601,15
90815,15
92683,15
93704,15
95826,15
78613,15
85224,15
45400,15
11793,15
60517,15
93510,15
11530,15
33000,15
91377,15
33027,15
33178,15
21075,15
8042,15
55331,15
8753,15
98332,15
100045,15
6605,15
84094,15
90006,15
21228,15
70605,15
53594,15
5704,15
22031,15
80014,15
4101,15
91303,15
63122,15
55407,15
84057,15
80439,15
37215,15
97702,15
97759,15
19145,15
6070,15
34250,15
6824,15
1027,15
11963,15
11001,15
81654,15
75201,15
93402,15
7080,15
93277,15
80918,15
96822,15
96047,15
14052,15
75229,14
95959,14
93726,14
8504,14
15210,14
78230,14
7960,14
60148,14
95482,14
49505,14
97304,14
91762,14
93063,14
91401,14
84721,14
95605,14
91342,14
76201,14
92000,14
92057,14
76104,14
22302,14
33327,14
11232,14
95624,14
7005,14
91776,14
4901,14
6852,14
29464,14
1050,14
98136,14
5000,14
92807,14
32608,14
95758,14
94038,14
93465,14
1000,14
77009,14
53213,14
6880,14
94574,14
63130,14
97224,14
1258011,14
22205,14
2476,14
84601,14
93013,14
49503,14
91356,14
92008,14
90008,14
11235,14
98133,14
351,14
91364,14
57072,14
18015,14
95368,14
73072,14
60035,14
50310,14
20910,14
2465,14
91941,14
98444,14
45227,14
2460,14
21212,14
11563,14
91740,14
92880,14
33076,14
14300,14
32821,14
63000,14
11221,14
92200,14
97203,14
60074,14
60137,14
75235,14
91505,14
92011,14
52788,14
96744,14
90255,14
80226,14
95207,14
95492,14
78681,14
97031,14
91784,14
77002,14
33020,14
90100,14
90220,14
65201,14
75904,14
11255,14
30338,14
30303,14
11225,14
14226,14
68503,14
95993,14
33613,14
95824,14
91730,14
44106,14
11230,14
75225,14
55305,14
89139,13
37204,13
8049,13
14620,13
83709,13
33193,13
2904,13
95206,13
97333,13
1201,13
94183,13
54701,13
93111,13
93536,13
1915,13
1945,13
3020,13
60402,13
97205,13
95409,13
2493,13
6853,13
37015,13
1845,13
63105,13
20906,13
90804,13
77550,13
10543,13
11768,13
89148,13
31100,13
125252,13
4401,13
11560,13
33458,13
30809,13
38111,13
92870,13
22767,13
55901,13
92602,13
6518,13
21044,13
80237,13
93291,13
33156,13
7604,13
75152,13
95811,13
3755,13
60563,13
90011,13
14063,13
9,13
53704,13
46535,13
93245,13
78759,13
90814,13
80110,13
30005,13
33701,13
20100,13
31000,13
1704,13
46208,13
24047,13
30075,13
96146,13
89521,13
11740,13
89449,13
87508,13
46204,13
23510,13
53217,13
2050,13
93309,13
60602,13
90201,13
521,13
9107,13
92801,13
90623,13
65191,13
8006,13
30307,13
29225,13
95053,13
98502,13
63044,13
30298,13
60130,12
93105,12
29615,12
94535,12
89147,12
2472,12
80525,12
92169,12
60007,12
22207,12
638,12
76017,12
21234,12
20017,12
2464,12
1128001,12
48309,12
72700,12
91044,12
95462,12
80443,12
41091,12
53563,12
87505,12
5486,12
77573,12
33433,12
93657,12
11357,12
84004,12
91325,12
75230,12
28300,12
80104,12
48188,12
95660,12
76051,12
92227,12
91381,12
80636,12
93619,12
40502,12
70808,12
90293,12
2068,12
91001,12
43023,12
1093,12
7901,12
78751,12
38300,12
6006,12
91024,12
818,12
93705,12
6570035,12
76040,12
89423,12
96180000,12
92108,12
70005,12
63104,12
48185,12
20147,12
11790,12
7086,12
2420,12
98225,12
27510,12
2451,12
7936,12
94107-3471,12
94505,12
74001,12
44100,12
60540,12
94300,12
83864,12
75214,12
55446,12
94599,12
10512,12
7090,12
89149,12
95307,12
15001000,12
30269,12
55119,12
84405,12
19125,12
85233,12
95650,12
83706,12
90806,12
95382,12
95104,12
60107,12
92708,12
97225,12
94508,12
85258,12
99515,12
89109,12
42104,12
90071,12
75016,12
33040,12
45030,12
11352,12
2129,12
6040,12
90260,12
48843,12
85250,12
60532,12
87571,12
33312,12
95326,12
11229,12
28017,12
20715,12
54022,12
22903,12
55812,12
70506,12
90713,12
7016,12
90249,12
93065,12
89510,12
98908,12
99693,12
95603,12
30135,12
30180,12
21045,12
52800,12
44139,11
10035,11
84092,11
32258,11
33511,11
90621,11
37923,11
92707,11
34952,11
8550,11
80920,11
97408,11
92805,11
95160,11
99508,11
84005,11
83014,11
93727,11
77027,11
20,11
577,11
93030,11
30188,11
77381,11
3995,11
94034,11
92500,11
7869,11
77057,11
45202,11
90742,11
29841,11
70129,11
60076,11
15213,11
4107,11
2360,11
84414,11
37064,11
70115,11
4157,11
98466,11
30004,11
50266,11
45013,11
92782,11
1772,11
6033,11
22202,11
29027,11
28270,11
32207,11
90630,11
6103,11
23220,11
68102,11
80021,11
7006,11
10956,11
91706,11
72116,11
84129,11
1234,11
1425,11
91732,11
49720,11
7920,11
77077,11
33618,11
92421,11
46202,11
24018,11
30144,11
30542,11
30009,11
68516,11
1210,11
99801,11
85643,11
53718,11
35203,11
97301,11
6883,11
81501,11
78756,11
91384,11
10005,11
75003,11
89144,11
95210,11
75254,11
90003,11
92703,11
73071,11
6516,11
22003,11
20165,11
90000,11
75209,11
1054,11
3513,11
33602,11
46077,11
43,11
15108,11
11210,11
95843,11
11220,11
84341,11
48071,11
92335,11
11233,11
98055,11
92841,11
91911,11
98407,11
99615,11
75248,11
92092,11
80223,11
90265,11
17033,11
58102,11
92324,11
7083,11
20124,11
4022,11
3660,11
14858,11
85048,11
33487,11
8144,11
97520,11
78749,11
7024,11
2852,11
89103,11
6019,11
2400,11
28211,11
33019,11
22304,11
60514,11
77365,11
14468,11
29651,11
75205,11
11964,11
50219,11
90631,11
80238,11
21412,11
43212,11
1747,11
33525,11
2905,10
77083,10
80306,10
7860,10
97215,10
90504,10
53590,10
30079,10
10461,10
34108,10
90221,10
93960,10
84041,10
84025,10
35226,10
20012,10
91506,10
91702,10
85601,10
89512,10
90016,10
22182,10
30160032,10
43205,10
6117,10
2121,10
3582,10
324089,10
78750,10
35000,10
43206,10
89519,10
2840,10
2052,10
32812,10
91744,10
11111,10
17543,10
86011,10
11378,10
30097,10
2557,10
9158,10
40202,10
7059,10
48202,10
98296,10
66213,10
60641,10
89502,10
8400,10
33143,10
26501,10
8009,10
55426,10
2500,10
949,10
6067,10
7756,10
35394,10
78256,10
5017,10
89121,10
32308,10
32216,10
8832,10
39301,10
44718,10
97220,10
82072,10
492,10
85004,10
90601,10
32835,10
27000,10
7407,10
93446,10
19438,10
94,10
77377,10
75093,10
70117,10
11374,10
77018,10
14853,10
66636,10
60475,10
200,10
92354,10
19611,10
11779,10
1001,10
11743,10
90813,10
92675,10
85006,10
3290,10
82024,10
21029,10
77840,10
90063,10
27707,10
2026,10
21030,10
5432070,10
40207,10
55409,10
92121,10
19124,10
34677,10
97331,10
66205,10
59801,10
93722,10
3820,10
29631,10
91304,10
76107,10
75234,10
22213,10
12188,10
55102,10
80331,10
61705,10
98134,10
29662,10
90710,10
77064,10
55107,10
68304,10
10514,10
20912,10
91764,10
33028,10
8807,10
99516,10
85286,10
27615,10
5400,10
43215,10
40203,10
78232,10
91608,10
80503,10
78752,10
60098,10
91311,10
27708,10
19122,10
18049,10
4568,10
60133,10
24133,10
27713,10
60193,10
85215,10
80018,10
64110,10
32836,10
2053,10
84087,10
32578,10
85221,10
32746,10
20832,10
12590,10
25300,10
33301,10
4051,10
86004,10
37208,10
91324,10
55412,10
1450,10
19127,10
63853,10
7607,10
98043,10
85254,10
60025,9
85395,9
8816,9
89205101,9
93944,9
60612,9
34957,9
84045,9
80241,9
60606,9
19087,9
2011,9
65193,9
95223,9
6854,9
27607,9
92555,9
91915,9
32751,9
78233,9
91204,9
95354,9
13617,9
80221,9
60527,9
10150,9
43560,9
27513,9
93455,9
60030,9
434,9
44114,9
12533,9
33606,9
2145,9
95827,9
10037,9
22043,9
11207,9
2888,9
48187,9
20176,9
10069,9
87109,9
94963,9
10040,9
93463,9
43201,9
2466,9
55436,9
2908,9
96814,9
29707,9
60047,9
75218,9
1910065,9
10520,9
3090,9
63119,9
11545,9
95621,9
92078,9
55441,9
32937,9
32789,9
514,9
75231,9
96734,9
55439,9
54911,9
21113,9
99223,9
90640,9
510,9
9050,9
6478,9
27517,9
6850,9
21136,9
7801,9
940010,9
44240,9
28041,9
7076,9
98999,9
712456,9
2459,9
5330,9
93424,9
98026,9
2874,9
27410,9
34224,9
55405,9
6525,9
93033,9
2210,9
91724,9
85034,9
2043,9
93635,9
64152,9
90094,9
10167,9
15216,9
6100,9
37409,9
30327,9
11735,9
19013,9
80469,9
29403,9
80134,9
85086,9
55218,9
93035,9
85712,9
80524,9
93953,9
568855,9
91205,9
90222,9
76205,9
84088,9
35134,9
8057,9
10163,9
45212,9
98072,9
95209,9
90037,9
19128,9
93221,9
84609,9
60044,9
56279,9
32822,9
98404,9
58201,9
28607,9
2132,9
7980,9
95052,9
20190,9
53158,9
92336,9
12866,9
29910,9
4043,9
95236,9
92399,9
95046,9
19355,9
80246,9
8038,9
22926,9
1701,9
30062,9
8724,9
19342,9
1103,9
83843,9
95361,9
38236,9
95252,9
19148,9
20904,9
78729,9
92081,9
84404,9
90065,9
75009,9
6812,9
91914,9
94604,9
87106,9
59802,9
55110,9
48144,9
45208,9
98056,9
90062,9
80528,9
53714,9
3008,9
80919,9
14623,9
2120,9
77056,9
98272,9
95667,9
90018,9
90638,9
78730,9
13210,9
80207,9
84101,9
66502,9
93314,9
98188,9
85024,9
11561,9
90245,9
19025,9
149,9
6830,9
92374,9
78240,9
14534,9
92803,9
77388,9
35242,9
32701,9
97210,9
4109,9
60085,9
27604,8
78212,8
75044,8
90732,8
52960,8
95156,8
53005,8
80016,8
44107,8
10606,8
11705,8
33319,8
9061,8
77000,8
89118,8
52240,8
93449,8
95478,8
18947,8
429581,8
72904,8
34683,8
85022,8
85028,8
21773,8
97015,8
90010,8
96701,8
1576,8
33317,8
19106,8
53212,8
71201,8
11714,8
10536,8
1003,8
90501,8
92831,8
10901,8
7631,8
75015,8
9411,8
55112,8
62223,8
77098,8
53149,8
55044,8
85338,8
64112,8
10039,8
92028,8
8869,8
19701,8
93654,8
34471,8
30033,8
2641,8
94233,8
80112,8
43202,8
44070,8
85205,8
80131,8
11415,8
48237,8
20816,8
1719,8
21611,8
11213,8
8840,8
32765,8
63897,8
38112,8
87015,8
20015,8
33154,8
43402,8
44133,8
33014,8
90650,8
37207,8
85711,8
83616,8
7023,8
55114,8
32811,8
85262,8
6107,8
33165,8
14072,8
10075,8
32819,8
43016,8
67202,8
29803,8
10250,8
45220,8
9562,8
3400,8
62290,8
96813,8
92376,8
6065,8
91913,8
20878,8
21109,8
97526,8
94090,8
53717,8
11577,8
7675,8
3350,8
91701,8
89169,8
8004,8
98139,8
1921,8
7034,8
2670066,8
11000,8
9013,8
34231,8
11968,8
28173,8
46033,8
2131,8
90153,8
76249,8
30040,8
51,8
78721,8
80012,8
35010,8
78350,8
78245,8
95632,8
77066,8
85260,8
32826,8
1170,8
3121,8
60053,8
3861,8
33334,8
93730,8
83703,8
75007,8
60465,8
63101,8
90067,8
9052,8
85008,8
2109,8
2542,8
6700,8
4103,8
7747,8
37402,8
8902,8
155,8
73116,8
8525,8
7719,8
90704,8
93274,8
94003,8
48374,8
34222,8
48124,8
84342,8
80005,8
32164,8
4217,8
97601,8
84006,8
43235,8
55411,8
93480,8
75061,8
80602,8
85234,8
96155,8
33759,8
1309,8
99601,8
23231,8
50111,8
70448,8
48085,8
44532,8
19010,8
42206,8
77706,8
8302,8
92701,8
72762,8
67000,8
8030,8
43085,8
7011,8
19475,8
36830,8
27455,8
11214,8
30024,8
50216,8
9413,8
15632,8
7405,8
32792,8
2097,8
91307,8
22902,8
33186,8
78722,8
33015,8
34786,8
33122,8
94113,8
20191,8
23508,8
69144,8
166,8
75081,8
92763,8
92867,8
46517,8
77459,8
1001001,8
3783,8
45010,8
95823,8
80631,8
89183,8
92617,8
55447,8
96007,8
22102,8
1457,8
44534,8
84790,8
30028,8
89506,8
75244,8
4813,8
94907,8
45011,8
75098,8
9645,8
33411,8
19606,8
14627,8
80120,8
2467,8
25370,8
35223,8
81621,8
19333,8
10553,8
78610,8
11370,8
75063,8
46112,8
60637,8
53228,8
45356,8
45383,8
4038,8
2233,8
49507,8
80442,8
23225,8
10701,8
39308,8
97756,8
218,8
1902,8
89145,8
1061,8
56601,8
19134,8
34203,8
2750011,8
93001,8
98672,8
3933,8
93190,8
92337,8
5100,8
94023,8
98031,8
560016,8
945500,8
68105,8
8017,8
20019,8
31405,8
56649,8
95031,7
27518,7
98513,7
20136,7
95334,7
60653,7
76039,7
43065,7
21254,7
3060,7
650,7
33596,7
85716,7
98057,7
92553,7
49306,7
9405,7
8534,7
780,7
77339,7
85745,7
85050,7
33162,7
5462,7
9470,7
12203,7
44113,7
33617,7
83704,7
77063,7
75223,7
60126,7
94137,7
19403,7
60630,7
2482,7
17022,7
70503,7
7094,7
60707,7
60304,7
48033,7
90241,7
7728,7
15009,7
19426,7
55125,7
77055,7
96816,7
32605,7
6020,7
27587,7
23219,7
33401,7
6410,7
10591,7
81623,7
33138,7
8201,7
79762,7
92154,7
49464,7
6798,7
29401,7
2189,7
90021,7
33175,7
19144,7
1609,7
96162,7
65814,7
48108,7
10547,7
77389,7
80124,7
33145,7
96743,7
27401,7
92054,7
19118,7
95945,7
33032,7
78731,7
33431,7
58260,7
11791,7
2048,7
62550,7
92869,7
92501,7
7050,7
91792,7
88030300,7
14618,7
28226,7
17906,7
2878,7
92026,7
95006,7
92173,7
92557,7
1409,7
30215,7
1940,7
1770,7
30606,7
32601,7
52246,7
3110,7
2163,7
45050,7
2909,7
11236,7
21117,7
3030,7
5411,7
68123,7
2119,7
37772,7
95969,7
1426,7
48430,7
32250,7
53222,7
72712,7
202,7
10309,7
8001,7
46321,7
83646,7
926,7
8003,7
21204,7
95682,7
33029,7
97462,7
34800,7
9103,7
22480,7
9417,7
7093,7
90002,7
91606,7
95343,7
23666,7
96779,7
97133,7
92673,7
44135,7
1832,7
64114,7
46614,7
91791,7
94188,7
93662,7
95315,7
33183,7
89218550,7
54000,7
93270,7
32129,7
1205,7
95677,7
87120,7
27609,7
10281,7
55402,7
90731,7
30066,7
32804,7
77054,7
81925,7
37421,7
11741,7
98032,7
80482,7
33609,7
92868,7
81541,7
45116,7
33446,7
90660,7
23456,7
3087,7
95722,7
80797,7
11788,7
98065,7
84074,7
61761,7
98028,7
48035,7
33166,7
96403,7
73118,7
7712,7
60048,7
91607,7
53719,7
91201,7
14214,7
2232,7
51899,7
77382,7
37068,7
11570,7
310,7
75202,7
98204,7
85741,7
1851,7
37027,7
94581,7
N/A,7
33315,7
8045,7
59102,7
2016,7
84120,7
11427,7
21200,7
33100,7
10098,7
52078,7
83730,7
76133,7
33060,7
43209,7
66044,7
78737,7
85710,7
32114,7
95240,7
44074,7
11355,7
18302,7
86753,7
32566,7
16802,7
97913,7
11782,7
8221,7
77072,7
75238,7
20164,7
77084,7
20913,7
10510,7
55443,7
78216,7
11223,7
10314,7
53214,7
92113,7
56326,7
30322,7
80023,7
93311,7
49418,7
22180,7
75074,7
78738,7
18960,7
11021,7
49423,7
91786,7
3630,7
10546,7
7882,6
80513,6
66123,6
33126,6
75243,6
3301,6
20132,6
2901,6
17547,6
89448,6
32043,6
44256,6
1211,6
18078,6
3370,6
77036,6
89120,6
30317,6
81675,6
91042,6
18938,6
8510,6
84990,6
98230,6
15668,6
10301,6
49676,6
97437,6
34239,6
5055,6
60187,6
76915,6
28007,6
23113,6
53538,6
415,6
74105,6
7652,6
60516,6
18010,6
48197,6
7670,6
94088,6
2882,6
93420,6
2274,6
60453,6
77073,6
38133,6
75094,6
55379,6
83240,6
917,6
55128,6
48154,6
8062,6
92,6
40205,6
2101,6
14223,6
95842,6
78258,6
55902,6
92234,6
10994,6
94141,6
91731,6
1748,6
19348,6
2034,6
97221,6
98208,6
80000,6
1860,6
94140,6
48328,6
2019,6
15090,6
33404,6
33146,6
22192,6
56006,6
386,6
33316,6
1886,6
13007,6
2282,6
50613,6
7137,6
43035,6
11755,6
98030,6
90023,6
78744,6
55431,6
83404,6
74890,6
97534,6
90907,6
90270,6
24466,6
35816,6
1012,6
1604,6
68116,6
65400,6
11501,6
60045,6
90044,6
19428,6
78006,6
77449,6
9712,6
51100,6
93710,6
29576,6
27704,6
85298,6
93620,6
44483,6
76033,6
75227,6
77511,6
49331,6
21214,6
87507,6
670,6
67370,6
73500,6
53126,6
15208,6
85621,6
27040,6
9733,6
32803,6
35014,6
98391,6
80538,6
23661,6
2452,6
93523,6
81620,6
49783,6
12180,6
21702,6
292,6
56001,6
91203,6
60462,6
85350,6
55418,6
95358,6
78745,6
33069,6
44236,6
40213,6
32816,6
21226,6
2223,6
3552,6
3831,6
3011,6
53117,6
10925,6
59000,6
96753,6
2009,6
97005,6
22307,6
89044,6
85718,6
94012,6
87544,6
85388,6
95695,6
61267,6
37235,6
93422,6
91390,6
75600,6
75012,6
90030,6
30240,6
6037,6
92571,6
957,6
91343,6
90720,6
80122,6
9407,6
95204,6
4650,6
76123,6
8012,6
66609,6
20684,6
3934,6
92624,6
28601,6
94647,6
32817,6
55316,6
97530,6
91741,6
95437,6
84040,6
80906,6
19425,6
2186,6
97222,6
92211,6
33703,6
14526,6
58039,6
4240,6
62275,6
22151,6
22309,6
55404,6
1267,6
92404,6
27896,6
75056,6
91603,6
5120,6
90262,6
32137,6
80214,6
20874,6
77520,6
43302,6
197431,6
15201,6
32606,6
9117,6
7102,6
55109,6
7436,6
15233,6
10990,6
90280,6
28307,6
30180120,6
94153,6
23223,6
56304,6
31110,6
4500,6
30084,6
53578,6
54143,6
8820,6
20902,6
95501,6
38125,6
45387,6
1129,6
1944,6
85032,6
66062,6
93638,6
22407,6
30096,6
99203,6
5053,6
53558,6
84340,6
10117,6
92584,6
93602,6
60115,6
91321,6
55343,6
4544,6
5753,6
30035,6
85396,6
23665,6
19335,6
94662,6
6488,6
78133,6
84047,6
60203,6
95688,6
34110,6
3065,6
88058500,6
4270,6
46421,6
91235,6
33231,6
32206,6
85023,6
60093,6
15228,6
91335,6
1016,6
30315,6
33556,6
65616,6
87059,6
1183,6
80031,6
85020,6
60586,6
98000,6
60173,6
92861,6
20099,6
7645,6
32951,6
22046,6
85750,6
19116,6
63112,6
49073,6
83233,6
6783,6
1004,6
13849,6
6016,6
56072,6
62650,6
4152643800,6
370,6
7764,6
82225,6
5555,6
22877,6
10435,6
27560,6
77586,6
7012,6
91504,6
13008,6
98501,6
11959,6
92003,6
92835,6
8402,6
73084,6
4661,6
48084,6
5280,6
55106,6
1820,6
10451,6
1460,6
93263,6
94046,6
89434,6
22602,6
91766,6
33176,6
63730,6
78840,6
64300,6
1014,6
1923,6
98926,6
80003,6
87501,6
48864,6
91901,6
23188,6
77571,6
30067,6
23435,6
78249,6
85140,6
99603,6
98382,6
570,6
67071,6
98682,6
33770,6
2033,6
6512,6
95776,6
32825,6
6831,6
93280,6
76060,6
30329,6
5020,6
80227,6
19714,6
8032,6
95635,6
55330,6
7452,6
84050,6
7052,6
3228,6
35473,6
30041,6
5018,6
22000,6
44864,6
46240,6
92591,6
29601,6
46074,6
507,6
11023,6
90247,6
96151,6
75033,6
88001,6
2077,6
45810,6
73112,6
89508,6
6041,6
4066,6
3510,6
8817,6
2,6
9268,6
63900,6
6211,6
21769,6
11001000,6
25147,6
10801,6
10046,6
85645,6
33868,6
77049,6
67901,6
92637,6
8043,6
72758,6
3049,6
95310,6
92166,6
14624,6
19806,6
76034,6
98038,6
87327,6
81230170,6
3056,6
80799,6
10705,6
81403,6
80224,6
10454,6
19702,6
73540,6
92262,6
84332,6
14235,6
617,6
74633,6
11362,6
76240,6
13203,6
64093,6
95212,5
15203,5
7305,5
6760813,5
55127,5
92881,5
364001,5
22124,5
95510,5
85308,5
12561,5
27612,5
94512,5
84015,5
31200,5
7551,5
75013,5
95327,5
55425,5
7876,5
55055,5
11011,5
89178,5
16046,5
46205,5
63139,5
22041012,5
30064,5
45226,5
85302,5
5098,5
85719,5
30082,5
41071,5
90805,5
89130,5
8757,5
20170,5
19518,5
64343,5
42420,5
95617,5
84111,5
90807,5
9812,5
5087,5
64111,5
11228,5
89507,5
48167,5
83651,5
1824,5
19035,5
33172,5
49024,5
14608,5
99835,5
46383,5
60659,5
7650,5
19014,5
43219,5
46410,5
1414,5
81201,5
92657,5
7075,5
66221,5
9000,5
2494,5
60189,5
7850,5
60010,5
85310,5
23662,5
38139,5
15853,5
92834,5
90305,5
81829,5
23222,5
7029,5
92508,5
91763,5
29607,5
1196,5
45000,5
3214301,5
23230,5
57106,5
55024,5
76063,5
10072,5
40515,5
5033,5
67,5
93301,5
69310,5
11758,5
1030013,5
12150,5
23336,5
33324,5
7087,5
90745,5
94450,5
90723,5
82070,5
30167,5
4635080,5
84646,5
119034,5
36532,5
8,5
33328,5
95205,5
28803,5
37801,5
23185,5
45044,5
20166,5
94942,5
10306,5
98155,5
65203,5
21060,5
11510,5
45140,5
95363,5
77046,5
8054,5
98715,5
19067,5
1058,5
8648,5
95114,5
5455,5
1028,5
28409,5
91108,5
19020,5
98252,5
83201,5
15935,5
35171,5
6022,5
75025,5
45403,5
78418,5
7940,5
30326,5
1071,5
95061,5
53726,5
748,5
91209,5
41048,5
20721,5
85257,5
93036,5
16505,5
60190,5
1730,5
75150,5
40489,5
83807,5
1911,5
28008,5
1746,5
60060,5
92505,5
95560,5
37403,5
2450,5
43040,5
33441,5
73012,5
15289,5
33483,5
61244,5
95465,5
58502,5
94584,5
77081,5
91775,5
2010,5
93262,5
19096,5
11219,5
15237,5
84096,5
49525,5
31522,5
27526,5
32127,5
48439,5
9494,5
85327,5
30092,5
99108,5
2724,5
89104,5
20852,5
4031,5
33071,5
48063,5
7054,5
11552,5
1015,5
60521,5
7446,5
95150,5
56143,5
906003,5
95670,5
98198,5
80841,5
3401,5
92083,5
41318,5
41321,5
75224,5
29732,5
47613,5
11706,5
22801,5
18977,5
940,5
36604,5
95161,5
48638,5
28806,5
96761,5
92315,5
76226,5
98403,5
9409,5
2042,5
95108,5
30218,5
13000,5
83642,5
30519,5
21093,5
96704,5
5081,5
3072,5
22153,5
33196,5
84081,5
8700,5
28348,5
7041,5
251,5
9001,5
3765,5
93015,5
47720,5
5500,5
31170,5
30909,5
18064,5
78260,5
3070,5
75014,5
3218,5
86305,5
4000,5
80537,5
6109,5
48236,5
5301,5
7600,5
27614,5
20171,5
97070800,5
3005,5
77024,5
20879,5
78620,5
1230,5
6897,5
94417,5
79930,5
3225,5
19107,5
6359,5
84070,5
33155,5
78201,5
10152,5
84741,5
89251,5
33428,5
92504,5
19446,5
99504,5
79151,5
53216,5
10562,5
1410,5
63301,5
13753,5
1099,5
79902,5
6804,5
60486,5
60559,5
92656,5
72000,5
89703,5
53017,5
33800,5
321,5
28202,5
1452,5
60123,5
8383,5
7748,5
13021,5
91502,5
92100,5
27546,5
8208,5
7624,5
1147,5
380,5
85012,5
14546,5
45440,5
41075,5
83716,5
78589,5
22459,5
53008,5
63103,5
77450,5
82031,5
98053,5
33063,5
24700,5
77030,5
97402,5
1062,5
4068,5
80403,5
95655,5
60515,5
5050,5
1852,5
87121,5
33756,5
6026,5
28036,5
63118,5
91945,5
9513,5
58452,5
33016,5
89014,5
92887,5
43062,5
5618020,5
95662,5
96782,5
93445,5
10598,5
3833,5
30252,5
30340,5
55804,5
91773,5
93308,5
21771,5
7031,5
33062,5
96793,5
20885,5
4096,5
89131,5
55372,5
8053,5
89081,5
32082,5
92139,5
75207,5
11704,5
53235,5
6355,5
92832,5
3184,5
32955,5
95663,5
91438,5
20152,5
96035,5
83301,5
6405,5
8823,5
90033,5
18966,5
60439,5
91224,5
92313,5
15218,5
60525,5
60598,5
13126,5
45289,5
97104,5
5016303,5
76016,5
30039,5
93410,5
95064,5
14450,5
1369,5
45244,5
7718,5
50312,5
59044,5
91420,5
33012,5
5602,5
91778,5
66047,5
78732,5
81401,5
2536,5
55068,5
93924,5
48130,5
96708,5
92270,5
6903,5
9731,5
7500,5
20060,5
7746,5
44077,5
999077,5
77478,5
89705,5
1505,5
28117,5
45645,5
94064,4
93292,4
60305,4
6901,4
95103,4
33305,4
11432,4
77070,4
95009,4
79907,4
78217,4
58103,4
6052,4
55122,4
75039,4
9835,4
8723,4
53233,4
489,4
48220,4
78733,4
46268,4
8536,4
78758,4
11771,4
7047,4
8051,4
92027,4
46239,4
53226,4
30131,4
98070,4
24450,4
96821,4
5959,4
84,4
412060,4
1008,4
82718,4
95383,4
91407,4
52416,4
21043,4
4880884,4
2649,4
55359,4
65195,4
40514,4
10405,4
92843,4
7661,4
72112,4
78665,4
100004,4
24014,4
45102,4
6489,4
18146,4
44720,4
6468,4
28120,4
7922,4
55345,4
94802,4
79925,4
92417,4
78500,4
10282,4
61615,4
95390,4
5482,4
97115,4
953770,4
44108,4
35243,4
78000,4
39402,4
92603,4
55101,4
14456,4
76049,4
8830,4
80440,4
81377,4
32246,4
1617,4
71067,4
94511,4
8203,4
93926,4
90755,4
11710,4
90301,4
1721,4
55056,4
96060,4
48038,4
20688,4
53546,4
92518,4
9450,4
2283,4
13202,4
3073,4
40206,4
29609,4
6078,4
64587,4
646,4
80516,4
97298,4
1088,4
77042,4
77845,4
26122,4
19341,4
99349,4
15542,4
53150,4
343,4
7270,4
45481,4
91126,4
99106,4
94852,4
20905,4
32828,4
9820,4
946-2,4
10034,4
4817,4
8836,4
1106,4
50112,4
22911,4
45120,4
98826,4
92346,4
30088,4
2035,4
77047,4
8660,4
14210,4
46013,4
74000,4
2766,4
5085,4
81658,4
5064,4
3713,4
92570,4
35137,4
53340,4
7740,4
12577,4
21133,4
14607,4
98226,4
96825,4
47408,4
61100,4
37660,4
19001,4
53186,4
55904,4
56785,4
68506,4
1602,4
5673,4
78261,4
8911,4
8108,4
48304,4
33070,4
30350,4
89102,4
85364,4
67126,4
10245,4
92690,4
55306,4
88011,4
80015,4
39211,4
1970,4
88212,4
32227,4
22769,4
5412010,4
24502,4
14482,4
28711,4
2100,4
87108,4
5641,4
67156,4
38000,4
20180,4
92659,4
2061,4
46055,4
405,4
94224,4
28109,4
94975,4
44134,4
85323,4
33462,4
45409,4
89011,4
71065,4
2124,4
63028,4
78229,4
49911,4
67502,4
80118,4
29414,4
32837,4
571,4
7757,4
44328,4
73200,4
51400,4
80233,4
92307,4
60077,4
7749,4
60463,4
95153,4
4,4
7932,4
2453,4
37922,4
96130,4
6810,4
2067,4
91047,4
2339,4
33776,4
5465,4
37216,4
3181,4
27262,4
31207,4
37828,4
15533,4
7060,4
999,4
1350063,4
61255,4
33308,4
9496000,4
55317,4
5473,4
58038,4
66525,4
55014,4
27605,4
70065,4
9112,4
78130,4
48382,4
75004,4
29063,4
61073,4
91722,4
85009,4
614,4
22027,4
48306,4
10030,4
19711,4
81656,4
60102,4
4801,4
11780,4
21601,4
22181,4
60,4
10709,4
95019,4
575572,4
84042,4
93010,4
10580,4
19406,4
2512,4
11701,4
40133,4
9519,4
82009,4
1075,4
9403,4
7605,4
94933,4
94147,4
28037,4
8204,4
1096,4
1274,4
19350,4
46228,4
19030,4
44022,4
77380,4
9201,4
94410,4
99867,4
78572,4
7046,4
91737,4
92678,4
7731,4
77082,4
75068,4
37130,4
44136,4
95410,4
6119,4
95966,4
23061,4
33647,4
27101,4
6795,4
99109,4
92231,4
60140,4
6170,4
8047,4
73034,4
44116,4
80201,4
18110,4
11566,4
19971,4
71642,4
6614,4
29451,4
40057,4
2280,4
4300,4
82205,4
49109,4
23462,4
75215,4
31040,4
20189,4
72150,4
40023,4
32904,4
13905,4
79601,4
6800,4
54500,4
89115,4
45213,4
91000,4
48901,4
8633,4
1207,4
9462,4
90712,4
38650,4
60655,4
90604,4
7417,4
78748,4
14228,4
758,4
3490115,4
21037,4
75062,4
80132,4
34236,4
30268,4
80013,4
64155,4
2796,4
55433,4
64060,4
8822,4
56377,4
11120,4
85280,4
78266,4
11423,4
75038,4
89107,4
48025,4
24107,4
111141,4
61828,4
55129,4
97109,4
1950,4
20877,4
92590,4
60181,4
953238,4
15202,4
8883,4
19003,4
19082,4
98338,4
3862,4
3404,4
60639,4
888,4
1984,4
65806,4
93631,4
85743,4
6035,4
43609,4
22901,4
53179,4
38655,4
49428,4
32901,4
1090,4
55666,4
69300,4
31515,4
43015,4
66,4
83705,4
44144,4
19343,4
91010,4
85521,4
72202,4
70180,4
77375,4
76148,4
46017,4
3141,4
92806,4
987,4
8103,4
95923,4
40764,4
78100,4
85296,4
20006,4
92865,4
7666,4
21703,4
31406,4
60604,4
97028,4
99650,4
89019,4
95441,4
49686,4
59105,4
3735,4
12020,4
33021,4
97123,4
46032,4
55605,4
2356,4
52916,4
201200,4
77354,4
30047,4
64625,4
3246,4
93636,4
46511,4
89015,4
78747,4
51600,4
34768,4
60178,4
60005,4
45410,4
93561,4
77355,4
60070,4
6007,4
20851,4
92706,4
61853,4
98848,4
1184,4
82609,4
83638,4
11443,4
95446,4
32750,4
94212,4
68128,4
83713,4
52209,4
82605,4
1091,4
34365,4
94148,4
354,4
63129,4
23233,4
60145,4
79407,4
43613,4
18020,4
603,4
33712,4
80107,4
30605,4
10973,4
7726,4
78412,4
19382,4
55442,4
53203,4
99352,4
19344,4
37150,4
84660,4
86023,4
10138,4
1013,4
8055,4
4463,4
93215,4
78734,4
17050,4
8704,4
65520,4
2480,4
33024,4
81039,4
55438,4
98077,4
60619,4
98092,4
98001,4
15140,4
4414,4
9135,4
48116,4
9412,4
1084,4
80230,4
32456,4
3253,4
2461,4
6437,4
60510,4
3093,4
33772,4
110100,4
14230,4
31008,4
81243,4
97246,4
70810,4
64018,4
55430,4
6360,4
77094,4
2170,4
1055,4
59901,4
63796,4
40583,4
6074,4
89141,4
44601,4
4810,4
8604,4
45247,4
92879,4
610,4
12245,4
60118,4
96712,4
8041,4
93053,4
6811,4
46030,4
6794,4
46210,4
33065,4
63109,4
63368,4
19129,4
5009,4
2191,4
121353,4
22041,4
33912,4
29650,4
77815,4
72113,4
11694,4
40545,4
44026,4
5360001,4
53532,4
2300,4
92277,4
2032,4
12603,4
98029,4
199053,4
60526,4
97436,4
26101,4
7039,4
89316,4
47712,4
123,4
6008,4
32814,4
76708,4
45205,4
6483,4
13124,4
64116,4
93551,4
895111,4
92284,4
52101,4
68283,4
29445,4
90108,4
6014,4
426,4
98406,4
28105,4
84302,4
16816,4
98054,4
85035,4
43055,4
65510,4
84780,4
85248,4
74394,4
83204,4
31419,4
80308,4
95044,4
78664,4
91207,4
4558,4
81667,4
44131,4
56093,4
84115,4
5255,4
11200,4
95381,4
38024,4
28480,4
966,4
48302,4
66202,4
2700,4
71854,4
21014,4
93643,4
78202,4
32304,4
98607,4
59425,4
98862,4
3591106,4
23608,4
550,4
8100003,4
8535,4
5162,4
55103,4
77086,4
9999,4
64030,4
40056,4
4523014,4
80222,4
29303,4
14129,4
1706,4
12037,4
76311,4
28216,4
9406,4
11598,4
21121,4
74137,4
28401,4
2535,4
93430,4
33415,4
70124,4
77505,4
72704,4
20094,4
2314,4
76712,4
79968,4
77581,4
1018,4
30311,4
55344,4
61552,4
35037,4
1800,4
40211,4
61107,4
2600822,4
22208,4
85033,4
82152,4
20853,4
44950,4
20161,4
66226,4
94924,4
75050,4
63050,4
50939,4
97302,4
87107,4
98504,4
1803,4
6009,3
6424,3
93907,3
28801,3
53818,3
60448,3
91350,3
44140,3
33189,3
9511,3
2242,3
49413,3
2184,3
84090,3
59912,3
45805,3
37067,3
64711,3
7733,3
64630,3
91413,3
76100,3
5483,3
62035,3
984181,3
12586,3
31675,3
55449,3
38103,3
9619,3
70058,3
120115,3
55118,3
33624,3
2790,3
95215,3
48101,3
27608,3
249001,3
1590,3
2100025,3
1057,3
12720,3
91650,3
11772,3
45103,3
22152,3
67460,3
35209,3
85663,3
38017,3
21286,3
95838,3
88210,3
77304,3
50263,3
33426,3
77379,3
44310,3
14617,3
20020,3
60031,3
6066,3
2841,3
19073,3
2631,3
68106,3
75075,3
49009,3
6010,3
29928,3
60143,3
33781,3
77502,3
92240,3
7070,3
2176,3
45255,3
2081,3
21600,3
76689,3
52500,3
62300,3
98405,3
98082,3
1510053,3
48076,3
32940,3
119400,3
33102,3
48083,3
32960,3
96738,3
10594,3
93622,3
97845,3
81506,3
2110,3
94214,3
77230,3
371,3
10450,3
6,3
88,3
1430,3
6760,3
89001,3
11950,3
57000,3
14830,3
55076,3
83402,3
11678,3
1040051,3
1810,3
5430001,3
33990,3
48642,3
1480,3
5003,3
94740,3
21085,3
59101,3
32815,3
1245,3
2520317,3
91077,3
5540,3
97266,3
24109,3
91054,3
10137,3
21666,3
6051,3
7760,3
8837,3
81612,3
79104,3
82041,3
52977,3
44690,3
68124,3
7430,3
580,3
9424,3
92392,3
15732,3
8088,3
84317,3
7621,3
19066,3
76244,3
60134,3
22601,3
76002,3
4603,3
1910011,3
1640,3
14216,3
30044,3
2518,3
49622,3
33064,3
47905,3
2519,3
607,3
2617,3
94011,3
76131,3
96140,3
21403,3
94914,3
2030,3
19085,3
37073,3
96826,3
1017,3
12572,3
5403,3
77068,3
14250,3
72703,3
95960,3
92517,3
93104,3
32004,3
1410022,3
17225,3
80337,3
22039,3
123456,3
39104,3
63040,3
67203,3
1025,3
67220,3
11576,3
27106,3
2066,3
1006,3
98228,3
33066,3
98008,3
97103,3
97207,3
1773,3
1011,3
78086,3
1952,3
60505,3
78166,3
6460,3
2903,3
50678,3
1560057,3
94210,3
72100,3
85629,3
24501,3
5521,3
14127,3
45019,3
4074,3
78660,3
78132,3
11565,3
2440204,3
7002,3
95357,3
84523,3
75602,3
1451,3
25314,3
20903,3
44304,3
363,3
97620,3
15212,3
7626,3
47403,3
85054,3
97306,3
23433,3
95870,3
46012,3
21131,3
99163,3
27018,3
2093,3
98271,3
9440,3
79576,3
60617,3
19447,3
22079,3
21211,3
38104,3
1490,3
9458,3
89138,3
60431,3
1424,3
94068,3
94847,3
97062,3
95812,3
7657,3
41015,3
75604,3
45150,3
91340,3
78028,3
94976,3
10310,3
8022,3
14201,3
76132,3
85374,3
33033,3
33179,3
95693,3
84000,3
10008,3
30087,3
80501,3
33170,3
2056,3
75104,3
96084,3
33782,3
6482,3
37919,3
59800,3
99507,3
48307,3
32903,3
74133,3
85340,3
60445,3
27104,3
29710,3
58231,3
78628,3
48326,3
2151,3
78257,3
11520,3
93023,3
94537,3
94343,3
5140,3
22551,3
49007,3
8844,3
48362,3
658,3
48612,3
303,3
11733,3
48360,3
28205,3
33407,3
46225,3
11937,3
98015,3
64119,3
75149,3
98011,3
2112,3
1900,3
63110,3
5,3
84403,3
7097,3
85326,3
10437,3
10462,3
95063,3
98249,3
95602,3
77640,3
94919,3
10156,3
94144,3
90051,3
40241,3
27317,3
94818,3
97204,3
95936,3
98362,3
28079,3
96062,3
80512,3
41127,3
55115,3
7974,3
94045,3
3122,3
80907,3
93108,3
47240,3
1110023,3
91912,3
92401,3
48118,3
98574,3
55960,3
941111,3
20259,3
94203,3
61008,3
6057,3
85307,3
25219,3
45322,3
27712,3
7450,3
8570,3
71110,3
6151,3
8530,3
53098,3
59106,3
10920,3
22303,3
99645,3
85435,3
4105,3
60043,3
98258,3
19115,3
55311,3
3045,3
7079,3
77080,3
91125,3
30313,3
6855,3
27603,3
1141,3
25560,3
90303,3
76504,3
77053,3
94407,3
8092,3
50131,3
67654,3
66223,3
2783,3
95435,3
34890115,3
20154,3
84158,3
83442,3
75034,3
65804,3
4142,3
97034,3
18901,3
54300,3
61400,3
372,3
97303,3
10803,3
2020,3
82051,3
34253,3
87110,3
28022,3
30060,3
34142,3
45239,3
39305,3
234,3
2594,3
30453,3
2517,3
4879,3
35763,3
55262,3
3032,3
9340,3
7260,3
2871,3
96707,3
40476,3
8063,3
91352,3
48420,3
53051,3
79102,3
98321,3
945066,3
37932,3
10573,3
56301,3
20120,3
17019,3
69361,3
2199,3
74104,3
10118,3
5468,3
60056,3
17603,3
19401,3
55000,3
75032,3
33603,3
89166,3
89113,3
60194,3
22301,3
34275,3
80550,3
83064,3
80135,3
27568,3
19041,3
33026,3
53081,3
32256,3
10557,3
3104,3
20783,3
9459,3
98335,3
68154,3
18800,3
32541,3
49050,3
98168,3
44859,3
96778,3
30609,3
8750,3
91433,3
23693,3
2748,3
1272,3
92055,3
76262,3
95991,3
3016,3
54308,3
54295,3
4025,3
12919,3
9025,3
47304,3
92821,3
3083,3
27278,3
9075909419,3
94155,3
4620001,3
98531,3
60016,3
77433,3
200041,3
32205,3
3101,3
32257,3
2025,3
60120,3
33445,3
99501,3
75042,3
97414,3
60638,3
98371,3
3512,3
80002,3
33957,3
53405,3
10707,3
77494,3
97816,3
47711,3
2012,3
26987,3
18929,3
19046,3
53406,3
40237,3
64800,3
16335,3
85705,3
6807,3
37360,3
53713,3
60090,3
84068,3
93560,3
89012084,3
80121,3
10600,3
23320,3
98936,3
4056,3
8008,3
1527,3
22299,3
78155,3
51501,3
2072,3
33161,3
9200,3
3018,3
83030,3
10060,3
28040,3
132222222,3
85000,3
94800,3
75110,3
44709,3
1833,3
55369,3
52803,3
9069,3
53597,3
300,3
6155,3
21904,3
37377,3
31050,3
72406,3
92316,3
95338,3
35405,3
46237,3
28012,3
12354,3
68316,3
82120,3
46901,3
85087,3
76179,3
8180,3
60624,3
74117,3
33144,3
1342,3
151873,3
3276,3
63445,3
6102,3
55427,3
30076,3
66102,3
13769,3
9142,3
3745,3
53220,3
81479,3
26007,3
73505,3
92397,3
30017,3
59236,3
4108,3
29204,3
4050,3
5031,3
22305,3
40004,3
99517,3
69004,3
5067,3
194021,3
85615,3
11703,3
70765,3
72207,3
2150,3
77079,3
85381,3
57103,3
11724,3
33625,3
84116,3
27600,3
3297,3
95683,3
85383,3
85019,3
19440,3
43082,3
6204,3
34996,3
12,3
76011,3
49601,3
80239,3
14626,3
39110,3
38501,3
8551,3
23226,3
71105,3
945399,3
95101,3
78645,3
6480,3
59803,3
12206,3
30907,3
73160,3
33045,3
88022,3
91902,3
3235,3
7320,3
20871,3
83013,3
75240,3
12914475,3
9608,3
76829,3
6606,3
80498,3
98223,3
59060,3
95949,3
45206,3
87529,3
19805,3
85007,3
7803,3
89801,3
92860,3
1070052,3
4800,3
20115,3
95159,3
19038,3
34135,3
95005,3
2418,3
92160,3
18104,3
90425,3
60504,3
40,3
4350,3
11412,3
77165,3
50323,3
98387,3
3046,3
1547,3
105,3
10607,3
10509,3
4587,3
1760012,3
990,3
2166,3
90022,3
93460,3
55033,3
7812123,3
65802,3
111111,3
1965,3
9512,3
63304,3
7000,3
77419,3
20470,3
95340,3
5071,3
94540,3
76548,3
68239,3
60188,3
90717,3
19055,3
22408,3
27721,3
2587,3
2332,3
17257,3
8880,3
93406,3
33908,3
46203,3
86351,3
78526,3
27502,3
1073,3
76185,3
85365,3
7183,3
12144,3
28372,3
44143,3
6790,3
11554,3
43606,3
9430,3
33436,3
90058,3
97072,3
13420,3
80010,3
95158,2
96706,2
9133,2
82901,2
92251,2
95166,2
11413,2
93443,2
77386,2
12414,2
94020,2
13369,2
77657,2
85040,2
90304,2
60089,2
95918,2
6038,2
77043,2
89504,2
12400,2
11421,2
22042,2
33314,2
98684,2
14209,2
78239,2
98375,2
98257,2
5271,2
1532,2
43615,2
33716,2
91115,2
1867,2
88279,2
28260,2
12477,2
32047,2
97628,2
15425,2
28027,2
99775,2
29907,2
28278,2
96080,2
80128,2
98039,2
9267,2
95304,2
9400,2
8545,2
94075,2
2076,2
9281,2
95518,2
8860,2
30054,2
10469,2
47725,2
55906,2
76904,2
77470,2
52411,2
32779,2
47800,2
50118,2
12582,2
77429,2
44080,2
11380,2
53066,2
169658,2
94953,2
35235,2
10579,2
11725,2
94807,2
3740,2
11596,2
97218,2
60914,2
90219,2
85051,2
4301,2
93908,2
95668,2
92252,2
76001,2
84651,2
8857,2
75951,2
15301,2
2886,2
1801,2
66061,2
52244,2
44212,2
2252,2
1085,2
99216,2
929,2
5269040,2
5702,2
85214,2
2270055,2
5095,2
29412,2
6500,2
78543,2
77955,2
31005,2
86701010,2
68510,2
66049,2
45333,2
76109,2
91733,2
6894212,2
707,2
33034,2
11467,2
45233,2
6470,2
19473,2
7751,2
81645,2
37411,2
81247,2
49518,2
24138,2
669,2
84965,2
77802,2
48858,2
4512,2
84706,2
4700,2
92845,2
64081,2
10015,2
7828,2
55444,2
33432,2
10507,2
86303,2
20187,2
33773,2
27580,2
18360,2
80100,2
53089,2
14031,2
60318,2
33157,2
72290,2
44129,2
80030,2
75134,2
9115,2
125413,2
77539,2
55126,2
60435,2
10585,2
6515,2
49401,2
78770,2
48182,2
50632,2
80232,2
2738,2
1290,2
33621,2
12205,2
3146,2
2602,2
7104,2
8970,2
31004,2
83403,2
2639,2
6245,2
95225,2
62645,2
67206,2
6776,2
32174,2
44012,2
3810,2
93305,2
2110041,2
91110,2
43228,2
41262,2
90107,2
92010,2
631390,2
9441,2
4055,2
63117,2
21213,2
360,2
37217,2
7103,2
22460030,2
40200,2
7871,2
12022,2
30121,2
20052,2
28081,2
34652,2
2015,2
3731,2
5478,2
3028,2
1854,2
74115,2
98311,2
10407,2
10178,2
90263,2
91034,2
37752,2
60714,2
74114,2
92532,2
84014,2
19470,2
30016,2
2107,2
85742,2
85703,2
74008,2
22015,2
55060,2
84049,2
25068,2
101110,2
200093,2
430,2
90290,2
1640001,2
3818,2
3054,2
75287,2
97135,2
76118,2
8470,2
14036,2
62294,2
14225,2
8215,2
78414,2
99958,2
10502,2
90670003,2
57104,2
2381,2
1070,2
76015,2
98087,2
63366,2
12346,2
18507,2
20355,2
53120,2
7630,2
20251,2
55555,2
97524,2
13148,2
9491,2
81369,2
34990,2
97456,2
78052,2
94211,2
81379,2
1524,2
10276,2
8134,2
78666,2
3431,2
29623,2
441,2
44095,2
901210,2
62226,2
5068,2
47249,2
93721,2
5519,2
92333,2
1985,2
95107,2
65118,2
85728,2
70820,2
96099,2
94968,2
44333,2
83333,2
83202,2
12571,2
90603,2
3832,2
92138,2
94768,2
99004,2
98665,2
98934,2
28269,2
94423,2
84663,2
60069,2
2603,2
7010,2
95503,2
979,2
10165,2
21436,2
55077,2
98641,2
6505,2
4017,2
49287,2
949860,2
33594,2
28303,2
37601,2
45230,2
5277,2
98506,2
10923,2
75028,2
29577,2
32142,2
5251,2
5252,2
14042,2
60502,2
66611,2
32905,2
60423,2
69005,2
40723,2
55434,2
19465,2
48226,2
97321,2
93464,2
49878,2
481277,2
97140,2
92550,2
15005,2
9490,2
56723,2
85209,2
90047,2
119192,2
87801,2
93912,2
95938,2
53,2
59714,2
53154,2
5404,2
60523,2
22750,2
99523,2
27511,2
3991,2
8024,2
125445,2
469972,2
38016,2
13078,2
52863,2
58701,2
7677,2
1326,2
33778,2
66220,2
95644,2
98047,2
57530,2
2203,2
21921,2
19053,2
43054,2
8073,2
15224,2
6073,2
15143,2
94008,2
46804,2
48216,2
8322,2
60537,2
20914,2
472019,2
81475,2
22085,2
49445,2
94948,2
91577,2
99347,2
46143,2
98685,2
66297,2
21229,2
8859,2
90095,2
96076,2
8406,2
92178,2
52074,2
90605,2
34758,2
9503,2
30115,2
1907,2
46311,2
7218540,2
92883,2
30328,2
12549,2
15142,2
80069,2
9043,2
91312,2
61614,2
5107721421,2
60450,2
36695,2
96789,2
33805,2
9404,2
94990,2
77477,2
80033,2
21236,2
84119,2
18707,2
32223,2
28110,2
95927,2
14586,2
85085,2
14199,2
38179,2
7421,2
95444,2
90061,2
19152,2
2368,2
27023,2
73025,2
2046,2
9314,2
10552,2
2136,2
2800199,2
28217,2
35096,2
99502,2
21017,2
90606,2
19802,2
27530,2
122011,2
844121,2
4612,2
81004,2
12508,2
1089,2
25524,2
6520,2
11953,2
21048,2
13,2
2211,2
99338,2
79254,2
95543,2
50019,2
306,2
99019,2
2173,2
21550,2
53151,2
20650,2
48138,2
27549,2
64289,2
68118,2
14169,2
8307,2
38117,2
75008,2
95726,2
12842,2
60513,2
1325,2
38804,2
30607,2
48081,2
1270,2
33982,2
18109,2
91330430,2
4546,2
86401,2
5415,2
73175,2
64844,2
3309,2
6459,2
42223,2
75089,2
32726,2
29307,2
172,2
91372,2
36207,2
98816,2
9876,2
60910,2
95392,2
22765005,2
8403,2
70544,2
64145,2
1913,2
98236,2
95502,2
18614,2
83648,2
8848,2
80923,2
53012,2
37350,2
18612,2
1425080,2
54341,2
98507,2
1929,2
28773,2
95072,2
9469,2
46260,2
83440,2
10172,2
6278,2
55555555,2
22254,2
6018,2
89086,2
3035,2
4153,2
89128,2
52061,2
5679020,2
53097,2
4631,2
981,2
83814,2
7013,2
3033,2
13901,2
16541,2
83339,2
9015,2
10302,2
22260,2
1051,2
45219,2
30900,2
10403,2
11757,2
94001,2
1680063,2
22557,2
4921,2
24141,2
1611,2
80921,2
77704,2
8210,2
123423,2
3601,2
24090,2
11203,2
83860,2
4665,2
3195,2
63179,2
40204,2
58481,2
4106,2
33607,2
4250,2
55269,2
95374,2
2830,2
1541,2
11234,2
80,2
77020,2
1660002,2
33150,2
31011,2
1982,2
55456,2
56045,2
29223,2
67511,2
9240,2
76207,2
941080,2
31600,2
73107,2
2083,2
8957,2
147,2
33611,2
13585,2
92563,2
9713,2
4675100,2
68390,2
20901,2
41066,2
4069,2
8884,2
86336,2
12931,2
55350,2
3800,2
85406,2
9518,2
95151,2
30501,2
38654,2
60329,2
5463,2
98611,2
42071,2
62301,2
4037000,2
1009,2
14075,2
14606,2
32707,2
32712,2
34756,2
63141,2
74,2
94006,2
10471,2
77598,2
18660,2
95901,2
80552,2
6550,2
33410,2
88113420,2
2301,2
556,2
110000,2
77092,2
50014,2
32603,2
32092,2
29681,2
1905,2
2230,2
125363,2
591,2
9150,2
75082,2
30525,2
4104,2
20194,2
865555,2
2330,2
33322,2
94035,2
11776,2
5346,2
1760011,2
14814,2
98329,2
97361,2
93604,2
43204,2
8850,2
28015,2
18034,2
5732,2
98010,2
60004,2
14125,2
75211,2
8600,2
90435,2
11762,2
80807,2
71006,2
54806,2
35487,2
68901,2
72074,2
78523,2
112007,2
32211,2
62442,2
86291,2
70212,2
96122,2
36070,2
66610,2
30274,2
28804,2
10400,2
70458,2
94663,2
8404,2
93535,2
41011,2
93436,2
72176,2
37933,2
14207,2
6268,2
6419,2
19070,2
60185,2
23505,2
87557,2
2017,2
80247,2
46038,2
49519,2
50725,2
20145,2
95154,2
72145,2
94316,2
6008422,2
457,2
72211,2
138678,2
37408,2
220,2
807277,2
19565,2
500081,2
45891,2
53223,2
92095,2
29482,2
100600,2
80903,2
15235,2
11550,2
92652,2
92071,2
80634,2
85053,2
34230,2
65060,2
90502,2
53181,2
63026,2
8035,2
98674,2
53190,2
55123,2
34228,2
18940,2
95095,2
50969,2
92503,2
90422,2
2806,2
6825,2
46403,2
30008,2
11422,2
7202,2
1530043,2
33067,2
7020,2
91743,2
196600,2
10603,2
60020,2
400107,2
55364,2
90273,2
59405,2
3109,2
83353,2
38642,2
60599,2
19027,2
9208,2
85119,2
19460,2
6715,2
49101,2
60081,2
85635,2
974,2
7501,2
96717,2
1400,2
98248,2
77015,2
75146,2
37047,2
57319,2
62958,2
63808,2
45241,2
7009,2
75751,2
61752,2
32503,2
96931,2
79924,2
50052,2
18444,2
96755,2
91210,2
78573,2
8691,2
95389,2
65041,2
5745,2
80600,2
33898,2
16303,2
80485,2
92082,2
30655,2
22411000,2
28031,2
2502,2
9216,2
32827,2
127018,2
28003,2
18069,2
60471,2
31647157826,2
63263,2
2130002,2
22701,2
13802,2
90491,2
151,2
90419,2
8730,2
4363040,2
77546,2
55454,2
2040,2
56267,2
24065,2
32780,2
15219,2
85598,2
77336,2
84583,2
4271060,2
11850,2
60466,2
32225,2
61822,2
110017,2
97503,2
13825,2
4092,2
68604,2
14217,2
84526,2
32934,2
3638,2
49456,2
95736,2
10930,2
95967,2
7071,2
53201,2
75702,2
32073,2
1826,2
89084,2
53707,2
1331,2
19,2
48300,2
182,2
22026,2
89433,2
93203,2
91211,2
10704,2
15,2
6280020,2
54987,2
4179,2
18433,2
3040,2
9090710,2
78641,2
6905,2
49051,2
97023,2
6433621,2
1240,2
28000,2
92352,2
34070,2
63084,2
38700,2
1166,2
19809,2
7032,2
30535,2
21244,2
4450,2
24240135,2
8738,2
12107,2
6269,2
30281,2
93250,2
70570,2
8523,2
27403,2
20882,2
8702,2
3100,2
22450,2
31909,2
72379,2
1775,2
555,2
60174,2
33173,2
474454,2
71573,2
7018,2
7082,2
65606,2
64436,2
93702,2
7481,2
4005,2
32459,2
4086,2
11366,2
70879020,2
34480,2
89704,2
118866,2
5891,2
70178,2
5253,2
6005,2
89075,2
70855090,2
5046,2
92407,2
77642,2
40300,2
22306,2
33612,2
46385,2
34560,2
43224,2
34221,2
42880,2
95988,2
53716,2
34000,2
5452,2
6443,2
68740,2
71645010,2
52742,2
25545,2
12885,2
48567,2
21842,2
70806,2
58,2
97373,2
8624,2
52066,2
10052,2
85774,2
11367,2
1494,2
15139,2
11045,2
87535,2
37042,2
687,2
197371,2
32030,2
93118,2
8965488,2
21,2
32032,2
65202,2
73732,2
505,2
16043,2
4152,2
5075,2
904549,2
3186,2
60083,2
8805,2
27798,2
70809,2
702,2
12730630,2
79111,2
13642,2
75017,2
66236,2
79906,2
33566,2
34242,2
33470,2
67211,2
19047,2
28199,2
53127,2
92203,2
48080,2
45056,2
43617,2
77414,2
30002,2
70706,2
31088,2
8412,2
76036,2
90243,2
48098,2
60441,2
89518,2
3208,2
24768,2
8205,2
1338,2
45229,2
60073,2
2324,2
85616,2
10070,2
97150,2
34120,2
92554,2
75300,2
48183,2
6385,2
53701,2
2520314,2
613121,2
70815,2
77489,2
48390,2
56401,2
98020,2
77067,2
76146,2
5500002,2
96818,2
94128,2
36507,2
27539,2
17584,2
7201,2
2564,2
95453,2
3313,2
101111,2
21797,2
960,2
2347,2
97107,2
14901,2
34209,2
80637,2
1620023,2
28223,2
20868,2
5414025,2
97703,2
81739,2
8841,2
74500,2
45373,2
99336,2
55422,2
88230,2
4523,2
96020,2
47121,2
87047,2
43607,2
33460,2
95946,2
90160005,2
4054,2
63901,2
90600,2
25822,2
19525,2
22793329,2
13280000,2
82057,2
6044,2
52317,2
3304,2
20169,2
97089,2
83022,2
8083,2
14425,2
89701,2
894,2
73052,2
9524,2
70128,2
1409020,2
98704,2
78023,2
87105,2
12900430,2
15800,2
16602,2
1020013,2
20000,2
6604,2
45101,2
37040,2
10550,2
32244,2
24002,2
49546,2
7004,2
9106,2
47521,2
1417,2
43616,2
76804,2
40025,2
18923,2
94047,2
4716,2
8311,2
11579,2
29454,2
10100,2
6032,2
6250,2
90540,2
70100,2
33812,2
98374,2
63,2
27109,2
32669,2
93728,2
53219,2
65301,2
21140,2
18000,2
9415,2
66608,2
7044,2
44446,2
3216,2
5008,2
92188,2
9414,2
85704,2
54401,2
70800,2
72143,2
41702,2
77205,2
22963,2
93004,2
28428,2
450000,2
61152,2
3894,2
93052,2
91532,2
28301,2
74135,2
7048,2
9980,2
33498,2
48001,2
5029090,2
45424,2
48208,2
28207,2
7300,2
1661,2
10127,2
2650,2
48842,2
675,2
123007,2
14000,2
94572,2
35222,2
4704000,2
92038,2
44060,2
53575,2
1080,2
19312,2
15317,2
85335,2
94013,2
95004,2
28152,2
97007,2
44124,2
32778,2
91400,2
98145,2
10061,2
77041,2
32118,2
23005,2
1405000,2
20210,2
49168,2
8542,2
28694,2
50012,2
14801,2
22032,2
5443,2
37135,2
68161,2
50220,2
1580097,2
14580,2
97838,2
90746,2
30240130,2
94154,2
31313,2
45221,2
2667,2
70437,2
21144,2
84112,2
32907,2
95322,2
8731,2
92827,2
80231,2
96740,2
11419,2
22945,2
33824,2
95028,2
10559,2
949004,2
86821,2
9350630,2
60139,2
3856,2
940041,2
93444,2
47089,2
87018,2
1610,2
92119,2
70401,2
52245,2
20763,2
77301,2
35216,2
29393,2
48377,2
40591,2
70736,2
70376,2
92040,2
55303,2
72205,2
37087,2
33810,2
12542,2
8450,2
49417,2
49107,2
7722,2
80911,2
12413,2
27312,2
995126,2
26121,2
14543,2
92210,2
60656,2
5700,2
12589,2
25120,2
28384,2
44210,2
25304,2
34500,2
8260,2
2005,2
93140,2
74145,2
81547,2
2105,2
2060,2
1540001,2
1530051,2
44824,2
634003,2
80829,2
77407,2
34540,2
7422,2
1060044,2
2222,2
4416,2
101300,2
94207,2
54040,2
511356,2
48393,2
94614,2
95067,2
35475,2
610000,2
78244,2
11204,2
62298,2
92410,2
9382,2
21114,2
49721,2
31401,2
3912,2
7008,2
4534004,2
70122,2
63376,2
3066,2
5283,2
65428,2
77760,2
457105,2
46000,2
92223,2
99022,2
302,2
44087,2
1022,2
3842,2
4006,2
95045,2
3095,2
14090,2
45228,2
76013,2
10941,2
74523,2
20129,2
20097,2
560751,2
70024,2
702850,2
5014,2
2031,2
46123,2
2921,2
4517,2
5372110,2
4458,2
91637,2
8094,2
3230,2
76502,2
91720580,2
1310021,2
19902,2
62,2
98002,2
430850,2
90231,2
23112,2
2088,2
75006,2
94096,2
48350,2
93246,2
M4S1P,2
92543,2
44241,2
94083,2
10997,2
782097,2
34243,2
35211,2
1844,2
40222,2
2146,2
24073,2
7092,2
28390,2
13066,2
3770,2
50588,2
20707,2
98545,2
49100,2
37663,2
81545,2
95658,2
3013,2
4876,2
59403,2
5901,2
4542,2
19034,2
1060022,2
3199,2
21020,2
36854,2
48135,2
95162,2
6861,2
90741,2
13555,2
941009,2
7591426,2
43207,2
31320,2
45039,2
63123,2
8117,2
90001,2
556699,2
6770,2
100000,2
85210,2
74246,2
4963,2
66400,2
19023,2
69006,2
64850,2
47901,2
48356,2
40549,2
70149,2
61265,2
60649,2
84602,2
23400,2
28078,2
80133,2
23601,2
44223,2
95087,2
5052,2
49855,2
98503,2
60424,2
37013,2
88451,2
98662,2
97540,2
30377,2
95432,2
373,2
213,2
83065,2
75281,2
2900,2
73538,2
1393,2
454100,2
5530003,2
67800,2
11354,2
3591116,2
14612,2
2747,2
10804,2
32502,2
91414,2
742,2
61821,2
95115,2
2208,2
4860839,2
38120,2
5623,2
1406,2
2206,2
6210,2
466,2
12901,2
6373,2
29200,2
95961,2
6430,2
60172,2
8952,2
49008,2
80109,2
58047,2
11515,2
1111,2
11722,2
97577,2
83120,2
17110,2
60169,2
61550,2
45069,2
67226,2
64063,2
66207,2
34637,2
9546,2
6661,2
22145,2
19610,2
48911,2
33920,2
76332,2
20110,2
60558,2
33540,2
34772,2
37831,2
50060,2
1206,2
48089,2
10522,2
12093,2
6176,2
84044,2
95372,2
60596,2
56250,2
46617,2
7109,2
28374,2
1405,2
22529,2
40038,2
96720,2
94979,2
32878,2
709395,2
60712,2
94492,2
4611,2
54016,2
21745,2
45034,2
85476,2
8109,2
59110,2
1123,2
4052,2
78259,2
61239,2
78252,2
99354,2
67433,2
88518,2
12211,2
55947,2
1419,2
8736,2
80798,2
62100,2
10169,2
84321,2
10595,2
34416,2
60064,2
10473,2
39031,2
20723,2
98370,2
30173,2
3550,2
10528,2
97431,2
94007,2
2879,2
10101,2
98433,2
9928,2
70663,2
76905,2
97424,2
40228,2
12487,2
92628,2
8090,2
55387,2
125466,2
664,2
20151,2
10577,2
45243,2
91582,2
77630,2
55304,2
89100,2
955051,2
49509,2
31210,2
55710,2
93304,2
45549,2
45276,2
2122,2
94157,2
6451,2
96096,2
91587,2
75088,2
74086,2
48203,2
4001,2
7105,2
13350,2
48170,2
3026,2
33619,2
3564,2
95000,2
56470,2
80477,2
11767,2
97707,2
97501,2
23464,2
75116,2
33009,2
44436,2
35603,2
98902,2
92276,2
46620,2
17821,2
95056,1
59650,1
8901,1
9539,1
96837,1
65401,1
889503,1
94586,1
17070,1
195127,1
11580,1
3102,1
95305,1
28715,1
55455,1
93544,1
2558,1
66204,1
13783,1
52402,1
6113,1
890,1
95531,1
6888,1
650000,1
48045,1
57560,1
72072,1
90701,1
71686,1
9456,1
675000,1
3221,1
53819,1
6751,1
21756,1
19608,1
60401,1
90740,1
37024,1
42301,1
80405,1
10950,1
36066,1
7003,1
64566,1
33909,1
79414,1
6320,1
58270,1
95509,1
9568,1
14701,1
90410,1
3191,1
99770,1
940106,1
9863,1
4118,1
37917,1
2711,1
30045,1
2343,1
60131,1
13275250,1
9728,1
99452,1
94524,1
38305,1
4020,1
78550,1
52140,1
66604,1
66615,1
90256,1
4390,1
26505,1
3042,1
97075,1
80601,1
47070,1
77501,1
14114,1
36050,1
6562,1
45750,1
1510066,1
43139,1
94180,1
46703,1
21047,1
22070,1
31400,1
1880,1
40356,1
60631,1
22078,1
46037,1
17055,1
90152,1
42203,1
85525,1
28115,1
47933,1
2153,1
44024,1
530560,1
64106,1
36602,1
64083,1
80434,1
560029,1
11557,1
941108,1
30046,1
53086,1
28043,1
7474,1
77065,1
8701,1
48221,1
1350000,1
22455,1
135000000,1
60477,1
29458,1
60103,1
1649,1
5200,1
37122,1
53403,1
94163,1
22150,1
9070,1
1208,1
44145,1
6043,1
5160011,1
1179,1
91755,1
60260,1
90059,1
70033,1
91122,1
21714,1
85708,1
96932,1
4314,1
49022,1
975030,1
7700277,1
14472,1
5700016,1
44233,1
46375,1
1887,1
52544,1
10588,1
33541,1
63144,1
78410,1
95211,1
63115,1
77059,1
1410031,1
19554,1
37124,1
88005,1
15211,1
7928,1
78225,1
35803,1
1110000,1
87510,1
15241,1
77454,1
53189,1
2543,1
58553,1
99202,1
4100,1
98022,1
9460,1
90102,1
3161,1
12578,1
49015,1
48340,1
52722,1
854,1
18925,1
46234,1
79401,1
10456,1
33710,1
78653,1
1220,1
33761,1
18337,1
22142,1
55565,1
442150,1
129128,1
74647,1
37115,1
19095,1
1238,1
81543,1
11777,1
1983,1
73501,1
1065,1
92372,1
39507,1
32224,1
2678,1
3554,1
37863,1
2770,1
98604,1
74066,1
37077,1
4614001,1
49341,1
49696,1
70817,1
14625,1
75246,1
51063,1
86316,1
10458,1
54134,1
19170,1
47269,1
93942,1
89146,1
47007,1
23507,1
79518,1
70560,1
99026,1
98360,1
59840,1
55435,1
94575,1
92842,1
94059,1
1880001,1
94192,1
68046,1
9451,1
87124,1
5445,1
19008,1
8950,1
23517,1
46254,1
66085,1
95631,1
30228,1
95247,1
97293,1
92260,1
95024,1
174758,1
85043,1
93706,1
95406,1
40509,1
96915,1
12064,1
17901,1
15025,1
95612,1
99567,1
6202,1
9003,1
31537,1
3015000,1
63031,1
24811,1
72761,1
5048,1
46373,1
96954,1
94307,1
17630,1
28100,1
19064,1
44202,1
7001,1
857066,1
91790,1
90190,1
90680,1
19031,1
8066,1
15541,1
49690,1
46140,1
99503,1
46113,1
333411,1
45111,1
34210,1
95582,1
45242,1
19153,1
33309,1
24424,1
64151,1
28750,1
4415,1
91028,1
1600023,1
1060045,1
10970,1
33010,1
28134,1
19390,1
23669,1
950140,1
84939,1
55802,1
11934,1
99708,1
50225,1
6284,1
17042,1
50701,1
97504,1
95012,1
68000,1
9500,1
90853,1
46628,1
9408,1
7836,1
77342,1
2468,1
149110,1
95460,1
15102,1
9426,1
38002,1
5999,1
3904,1
91099,1
7143,1
65044,1
64610,1
97607,1
99706,1
98120,1
9536,1
98580,1
46217,1
94060,1
9493,1
95694,1
4675,1
12435,1
93613,1
56320,1
6417,1
88200,1
48191,1
90607,1
61790,1
11787,1
78539,1
13662,1
300769,1
9387,1
18458,1
98058,1
7203,1
53901,1
97230,1
10965,1
2160,1
8113213,1
7700,1
93625,1
41040,1
9609,1
902104,1
8410,1
7931,1
80106,1
2021000,1
48324,1
7311,1
9880,1
45818000,1
14823,1
61701,1
4061001,1
77498,1
98221,1
95488,1
65232,1
90104,1
96754,1
1890012,1
148,1
2037,1
94458,1
91787,1
60646,1
6835,1
1570066,1
4950,1
80000000,1
60385,1
1904,1
847,1
425,1
4816,1
62139,1
37100,1
5842,1
20112,1
1253,1
79604,1
10051,1
76710,1
94554,1
32579,1
1545,1
54102,1
53589,1
4322,1
25414,1
48152,1
5420,1
6484,1
33472,1
612,1
33484,1
95497,1
10983,1
98270,1
70121,1
4526,1
97105,1
94079,1
97267,1
25403,1
77990,1
947111,1
41026,1
87701,1
68480,1
10629,1
13104,1
9581,1
45458,1
10524,1
80215,1
250,1
81302,1
33477,1
56063,1
55432,1
6105,1
22793261,1
11516,1
91309,1
85138,1
93555,1
12256,1
36202,1
53072336646,1
9418,1
3116,1
3,1
55477,1
1428,1
8789,1
32084,1
6539035,1
81200100,1
1580,1
2021,1
65721,1
3400034,1
77087,1
86157,1
50314,1
141404,1
45160,1
98325,1
78728,1
77584,1
52398,1
97527,1
20149,1
88888,1
4013,1
43113,1
22802,1
59752,1
46368,1
67133,1
98563,1
39540,1
13995000,1
4226,1
38127,1
1678,1
28009,1
60432,1
50317,1
82130,1
1540014,1
58822,1
904608,1
48189,1
47160,1
29617,1
88053000,1
91005,1
2055,1
6737771,1
61350,1
7145,1
28870,1
2900004,1
1765,1
9454,1
98713,1
80138,1
77100,1
145421,1
17036,1
95948,1
65239,1
1708,1
15236,1
33455,1
3700701,1
5430013,1
8232,1
55987,1
75005,1
6521,1
19810,1
94569,1
32506,1
150791,1
9307,1
54100,1
3117,1
48192,1
56040,1
40215,1
950003,1
20083,1
43220,1
9345,1
73008,1
97200,1
50132,1
50126,1
50066,1
50125,1
1460085,1
33181,1
9895,1
90470,1
57100,1
53083,1
1930,1
20681,1
32653,1
44023,1
33616,1
32343,1
2869,1
4306,1
9167,1
99043,1
33323,1
90412,1
95454,1
12303,1
29632,1
90409,1
90408,1
2831,1
20045,1
35133,1
34787,1
3526,1
3144,1
19454,1
3435,1
34980,1
95002,1
27012,1
10472,1
70079,1
553,1
63755,1
12940,1
12946,1
37220,1
941003,1
7401,1
49441,1
584521,1
76124,1
83720,1
80547,1
37754,1
180,1
519,1
33306,1
3419,1
61462,1
50839,1
18963,1
20186,1
20759,1
94862,1
52003,1
98292,1
95043,1
19808,1
57006,1
79424,1
63017,1
18036,1
95021,1
41100,1
50265,1
33430,1
97381,1
2197,1
2818,1
1507,1
4281,1
13027,1
7095,1
23602,1
30117,1
38270,1
22947,1
676,1
4509,1
37214,1
4135,1
6221,1
98124,1
66109,1
77021,1
7840,1
87,1
3909,1
23294,1
13090,1
89119,1
1847,1
24937,1
79106,1
20619,1
9105,1
38834,1
28092,1
1470,1
68130,1
95352,1
9160,1
37210,1
21208,1
19732,1
59804,1
85200,1
45336,1
44138,1
34712,1
64123,1
93206,1
77096,1
19078,1
41311,1
41301,1
5616,1
32703,1
32730,1
36619,1
93271,1
45014,1
54403,1
77391,1
89431,1
78754,1
1430014,1
20785,1
1310031,1
91560,1
98942,1
99577,1
77045,1
33637,1
41468,1
99,1
28600,1
80004,1
18976,1
829,1
39571,1
8401,1
21000,1
8330,1
45869,1
34744,1
37167,1
33706,1
9959,1
83815,1
89031,1
45254,1
94048,1
99016,1
78238,1
60175,1
98683,1
59825,1
33510,1
9051,1
45305,1
504,1
45822,1
63051,1
33017,1
2390822,1
62221,1
90125,1
41501,1
95763,1
64108,1
1908,1
27703,1
64701,1
41006,1
7738,1
95504,1
77340,1
17267,1
11436,1
92300,1
10805,1
73770,1
21147,1
90535,1
8048,1
55075,1
28052,1
54956,1
5461,1
98800,1
5617,1
43123,1
44640,1
169370,1
5057,1
6059,1
19713,1
19139,1
78048,1
20302,1
50501,1
78050,1
17046,1
37001,1
70665,1
5340,1
83205,1
12040,1
95452,1
35240,1
30263,1
61525,1
11020,1
6212,1
94415,1
16155,1
22980,1
81615,1
64912,1
9465,1
941234,1
21015,1
79423,1
22315,1
30310,1
6787,1
994070,1
76227,1
78542,1
68022,1
11949,1
76106,1
99901,1
23141,1
2364,1
48044,1
59807,1
6759,1
94825,1
85817,1
48201,1
10166,1
74074,1
6758,1
43110,1
27638,1
20782,1
80219,1
14424,1
63857,1
39116,1
2740064,1
562,1
85345,1
88214,1
55025,1
941412,1
1957,1
70866050,1
33115510,1
86000,1
77469,1
75067,1
84009,1
72002,1
45894,1
20646,1
45002,1
3062,1
3182,1
88696,1
89170,1
77069,1
600,1
53527,1
65043,1
82941,1
19707,1
42701,1
10570,1
49406,1
68144,1
49475,1
36007,1
22034,1
40383,1
1094,1
10185,1
2803,1
30747,1
39057,1
21478,1
7424,1
92420,1
38444,1
48240,1
42000,1
7753,1
21012,1
1299,1
31904,1
91266,1
21490,1
1876,1
1098,1
49655,1
5245,1
24941,1
7834,1
42390,1
28314,1
804,1
80610010,1
47450,1
7026,1
50935,1
57074,1
38440,1
33542,1
70112,1
22310,1
31030,1
53129,1
3103,1
77306,1
82290,1
3059,1
89088,1
76462,1
6096,1
70769,1
23454,1
90810,1
9990540,1
22193,1
6500846,1
76209,1
72555,1
95614,1
79903,1
952154,1
40451,1
34346,1
6801,1
32696,1
600031,1
22556,1
12121,1
50021,1
74093180,1
98409,1
91102,1
8500,1
34293,1
6382,1
30102,1
6351,1
990685,1
4702000,1
79245,1
36832,1
81504,1
7440,1
562931,1
9094200,1
84075,1
58601,1
8033,1
83117,1
41475,1
33011,1
90132,1
13023011,1
63116,1
47806,1
13001,1
22900,1
92661,1
45431,1
8831,1
88523,1
6884,1
90109,1
93201,1
33325,1
31523,1
60482,1
25189,1
66214,1
90217,1
53188,1
90120,1
2074,1
44637,1
7530,1
98901,1
84084,1
35758,1
35,1
19050,1
4930,1
98231,1
94700,1
37129,1
93610,1
47114,1
9132,1
73127,1
20018,1
89465,1
210001,1
626,1
16352,1
60001,1
96094,1
75422,1
27523,1
78163,1
177,1
84128,1
2540,1
6906,1
44141,1
92004,1
93022,1
3261,1
98066,1
31763,1
97228,1
85937,1
18640,1
4124,1
49508,1
80045,1
50324,1
6422,1
93458,1
4075,1
16509,1
14020,1
79411,1
2688,1
6981,1
80806,1
39157,1
34638,1
7708,1
11763,1
95865,1
23059,1
7015,1
48315,1
60455,1
83858,1
5054,1
7043,1
93630,1
60160,1
68104,1
22761,1
674,1
60487,1
93752,1
30753,1
33803,1
63023,1
83025,1
9735,1
78870,1
36037,1
78878,1
1453,1
74107,1
15300,1
725,1
60632,1
8956,1
69007,1
76208,1
14060,1
70300,1
37086,1
12900,1
77420,1
95203,1
95360,1
70508,1
9610,1
1242,1
95953,1
33442,1
2767,1
958233,1
72815,1
72810,1
31952,1
76726,1
33025,1
34233,1
72122,1
95706,1
50023,1
34695,1
97351,1
15642,1
5024,1
98273,1
7100,1
66900,1
47429,1
12078,1
1030,1
9124,1
98390,1
309311,1
53240,1
994901,1
85041,1
37183,1
4557,1
15085,1
994,1
37352,1
65739,1
97227,1
518000,1
93258,1
30458,1
21158,1
21050,1
66203,1
64064,1
709,1
30533,1
80796,1
11754,1
38330,1
78852,1
8944,1
2171,1
85379,1
19004,1
5672,1
92034,1
92709,1
92031,1
1300012,1
20818,1
2523,1
12309,1
4610000,1
91170,1
44647,1
96069,1
14431,1
10174,1
2480005,1
33704,1
90202,1
1204,1
38100,1
1987,1
4561004,1
59001,1
9845,1
45385,1
143441,1
7067,1
49770,1
96301,1
11364,1
30077,1
94073,1
30058,1
1520004,1
6651,1
1231,1
11559,1
99954,1
1350001,1
36527,1
2400122,1
94093,1
99669,1
92545,1
14165,1
91041,1
10506,1
25,1
10457,1
248000,1
4705,1
3205,1
88220,1
78600,1
94182,1
8484547,1
3663,1
12159,1
9796,1
55805,1
22775060,1
75020,1
2703,1
30620,1
17102,1
5013,1
37330,1
16100,1
60452,1
95155,1
74016,1
12110,1
8552,1
79938,1
84176,1
55487,1
93618,1
200000,1
400227,1
2220,1
78248,1
12237,1
9431,1
35864,1
558265,1
76126,1
55424,1
517,1
1938,1
32003,1
34188,1
165,1
33471,1
6477,1
76005,1
90452,1
117587,1
9134,1
32117,1
8853,1
20678,1
34234,1
22405,1
5038,1
75226,1
95568,1
6371,1
32839,1
10960,1
5980,1
77062,1
94951,1
72135,1
1606,1
79215,1
5941,1
2563,1
84133,1
47117,1
9138,1
83823,1
46301,1
7786,1
19363,1
2193,1
10312,1
3514,1
37127,1
2751,1
6545,1
77345,1
408,1
20770,1
62062,1
7045,1
93106,1
7843,1
7851,1
9210,1
6310804,1
6638141,1
78541,1
53122,1
94036,1
92670,1
95011,1
85285,1
652,1
53227,1
85268,1
77112,1
20025,1
32168,1
30032,1
85603,1
32219,1
50000,1
32400,1
6232,1
63025,1
32303,1
48301,1
81007,1
1080073,1
110847,1
53024,1
1082,1
30363,1
7924,1
18708,1
73045,1
34761,1
95422,1
20135,1
86045,1
60600,1
4771,1
175,1
40474,1
23432,1
84653,1
98632,1
91408,1
200123,1
11244,1
6330,1
59068,1
446,1
48120,1
1560,1
79064,1
907,1
46226,1
80229,1
74077,1
7743,1
8520,1
42314,1
44042,1
83330,1
44758,1
91064,1
60022,1
69126,1
72032,1
53940,1
1776,1
6040847,1
2820,1
7410,1
2570,1
944108,1
6060815,1
8052,1
55282,1
1570061,1
27355,1
6479,1
1229,1
84030,1
60417,1
23556,1
6025,1
1210061,1
1712,1
9430893,1
2574,1
4552,1
776,1
50400,1
88310,1
22,1
48370,1
3299,1
79910,1
26389,1
97027,1
2897,1
3743,1
22700,1
12920,1
82166,1
682,1
11500,1
23228,1
2027,1
79933,1
411006,1
18,1
85015,1
5614,1
57401,1
33705,1
85935,1
85092,1
8502,1
98021,1
51869,1
55011,1
8734,1
98203,1
79935,1
5720055,1
90141,1
53130,1
455,1
30152,1
35401,1
1660015,1
37760,1
88000,1
30159,1
17837,1
20354,1
15120,1
3112,1
64500,1
5020881,1
5303000,1
12538,1
1250053,1
14110000,1
12526,1
5601,1
44321,1
72801,1
1486,1
8801,1
33713,1
50827,1
45214,1
30337,1
31206,1
97477,1
2071,1
5062,1
4849,1
23237,1
93044,1
49870,1
96714,1
48141,1
11572,1
80915,1
95908,1
4530,1
73000,1
94135,1
941333,1
3901,1
71913,1
5001000,1
98446,1
78112,1
29585,1
64297,1
43920,1
8951,1
59160,1
48310,1
412,1
55347,1
92133,1
854796,1
43147,1
13919,1
62400,1
9110,1
54915,1
45883,1
4600,1
94570,1
4843,1
40010,1
91432,1
48312,1
13459,1
48329,1
2216,1
904133,1
5503,1
22312,1
87100,1
94964,1
84579,1
34104,1
901433,1
20545,1
1110,1
27601,1
50430,1
35650,1
73550,1
43252,1
92112,1
20249,1
12580,1
57406,1
28104,1
12604,1
63043,1
11224,1
76102,1
98206,1
78015,1
1180,1
62618,1
6200,1
49265,1
94049,1
35205,1
2070,1
1040052,1
85303,1
78411,1
46256,1
94715,1
47406,1
60480,1
98367,1
641830,1
18057,1
84114,1
92530,1
10825,1
60864455,1
35244,1
54321080,1
83200,1
95690,1
74290,1
63332,1
4543,1
3613,1
20511,1
194,1
81245,1
11746,1
2400105,1
94072,1
3599511,1
1004004,1
33813,1
95173,1
1182,1
3510112,1
29472,1
3300,1
8072,1
941032835,1
8.61E+11,1
20359,1
33860,1
94440,1
98312,1
77554,1
8166,1
38109,1
701845,1
7028,1
94050,1
93265,1
98281,1
19000,1
96595,1
23453,1
23410,1
11739,1
8742,1
100031,1
85756,1
80022,1
23888,1
1400013,1
95038,1
60623,1
8800,1
2313,1
6655,1
123154,1
19121,1
1894,1
7758,1
65101,1
33406,1
18902,1
6870,1
3522,1
93404,1
30012,1
263,1
1020,1
58341,1
4760,1
31201,1
62802,1
3900,1
97045,1
82107,1
35967,1
40516,1
1337,1
46815,1
1768,1
34109,1
10465,1
17013,1
86339,1
8630,1
46218,1
91447,1
33332,1
51800,1
9463,1
660125,1
77346,1
4549000,1
71236,1
8080,1
10120,1
93210,1
3748,1
8910300852,1
10640,1
77406,1
38201,1
60446,1
72764,1
40883,1
77035,1
34220,1
111,1
7632,1
60186,1
91120,1
82604,1
2810,1
97326,1
42737,1
28290,1
11581,1
45249,1
75208,1
3106,1
94950,1
10305,1
94624,1
84118,1
3303,1
38732,1
2350,1
96819,1
80995,1
92201,1
7111,1
67146,1
1181,1
88401,1
66278,1
502,1
65583,1
78254,1
78219,1
46324,1
20769,1
11379,1
54843,1
12076,1
85800,1
37351,1
95388,1
113299,1
99208,1
22401,1
2566,1
97127,1
96264,1
91533,1
135512,1
38704,1
1053,1
7423,1
6110,1
10976,1
96224,1
3152,1
90940,1
7628,1
25039,1
359,1
87031,1
97106,1
98164,1
2431000,1
90287,1
8810,1
92595,1
53221,1
965656,1
1235,1
76520,1
1754,1
22147,1
1636,1
10467,1
10439,1
20864,1
45889,1
2960,1
61568,1
37916,1
63367,1
60950,1
98612,1
85122,1
96310,1
79798,1
98157,1
51874,1
30083,1
10578,1
4400,1
99400,1
7066,1
64507,1
11435,1
22889,1
79936,1
8861,1
9516,1
78597,1
32204,1
80080280,1
8708,1
33151,1
28879,1
17412,1
20607,1
8304,1
8851,1
19111,1
94311,1
98229,1
81549,1
28005,1
9904,1
1471,1
988110,1
34689,1
59597,1
3219,1
5971,1
49424,1
12302,1
1500036,1
59047,1
18944,1
45134,1
57702,1
50327,1
1086,1
60404,1
27616,1
241088,1
80020280,1
4082,1
14094,1
10601,1
11901,1
3207,1
123543,1
98660,1
33434,1
3620,1
9711,1
35173,1
74012,1
75961,1
44209,1
92310,1
74211,1
1300,1
11542,1
89439,1
1520,1
44065,1
85126,1
91062,1
238143,1
20732,1
94091,1
95955,1
76528,1
94178,1
4203,1
40503,1
76600,1
31404,1
91127,1
64157,1
99114,1
48082,1
34715,1
95078,1
1580083,1
9303,1
93433,1
45449,1
47150,1
89408,1
95142,1
94405,1
620908,1
640809,1
14213,1
94081,1
93427,1
20103,1
9588,1
9494499,1
10590,1
12545,1
75090,1
92136,1
45504,1
87199,1
56560,1
28906,1
1130033,1
1420,1
11420,1
39466,1
9944158,1
15229,1
941244,1
33903,1
46221,1
94682,1
48316,1
7550,1
94004,1
3510011,1
94820,1
3510025,1
3360021,1
91977,1
1247,1
93541,1
93740,1
45066,1
60160140,1
46590,1
8503,1
4010,1
61800,1
45223,1
1040,1
34531,1
1430025,1
1570063,1
2207,1
3330961,1
5154,1
3752,1
76009,1
18330,1
75232,1
77253,1
35342,1
46236,1
33405,1
91365,1
49630,1
42119,1
41007,1
680,1
6338,1
4175,1
45236,1
18972,1
40031,1
61114,1
1651,1
1050021,1
40391,1
80249,1
42101,1
49684,1
64138,1
75052,1
68114,1
81669,1
20175,1
20886,1
